,business_id,year,month,dayofmonth,rating,count
0,K7lWdNUhCbcnEvI0NhGewg,2012,7,31,3,3.6666666666666665
1,K7lWdNUhCbcnEvI0NhGewg,2015,12,25,3,2.3333333333333335
2,K7lWdNUhCbcnEvI0NhGewg,2013,12,2,3,2.6666666666666665
3,K7lWdNUhCbcnEvI0NhGewg,2013,6,16,2,2.5
4,K7lWdNUhCbcnEvI0NhGewg,2011,9,15,3,4.0
5,K7lWdNUhCbcnEvI0NhGewg,2012,3,24,4,3.25
6,K7lWdNUhCbcnEvI0NhGewg,2015,5,14,1,3.0
7,K7lWdNUhCbcnEvI0NhGewg,2012,11,6,1,4.0
8,K7lWdNUhCbcnEvI0NhGewg,2012,9,3,4,4.25
9,K7lWdNUhCbcnEvI0NhGewg,2013,1,26,2,4.5
10,K7lWdNUhCbcnEvI0NhGewg,2016,11,20,2,4.0
11,K7lWdNUhCbcnEvI0NhGewg,2011,5,28,3,4.333333333333333
12,K7lWdNUhCbcnEvI0NhGewg,2014,8,18,3,3.0
13,K7lWdNUhCbcnEvI0NhGewg,2014,11,19,4,4.0
14,K7lWdNUhCbcnEvI0NhGewg,2016,7,12,1,4.0
15,K7lWdNUhCbcnEvI0NhGewg,2012,1,2,3,3.3333333333333335
16,K7lWdNUhCbcnEvI0NhGewg,2012,2,17,2,5.0
17,K7lWdNUhCbcnEvI0NhGewg,2014,12,3,1,3.0
18,K7lWdNUhCbcnEvI0NhGewg,2012,12,30,1,3.0
19,K7lWdNUhCbcnEvI0NhGewg,2012,10,27,2,4.0
20,K7lWdNUhCbcnEvI0NhGewg,2015,1,26,4,4.25
21,K7lWdNUhCbcnEvI0NhGewg,2016,12,30,3,2.3333333333333335
22,K7lWdNUhCbcnEvI0NhGewg,2014,5,9,1,1.0
23,K7lWdNUhCbcnEvI0NhGewg,2015,8,9,2,4.5
24,K7lWdNUhCbcnEvI0NhGewg,2011,3,23,7,4.0
25,K7lWdNUhCbcnEvI0NhGewg,2016,9,2,2,5.0
26,K7lWdNUhCbcnEvI0NhGewg,2012,8,2,2,3.5
27,K7lWdNUhCbcnEvI0NhGewg,2016,5,2,3,3.3333333333333335
28,K7lWdNUhCbcnEvI0NhGewg,2015,6,21,2,4.5
29,K7lWdNUhCbcnEvI0NhGewg,2012,9,23,3,4.333333333333333
30,K7lWdNUhCbcnEvI0NhGewg,2012,12,12,4,4.25
31,K7lWdNUhCbcnEvI0NhGewg,2013,6,7,3,3.3333333333333335
32,K7lWdNUhCbcnEvI0NhGewg,2012,9,21,3,4.333333333333333
33,K7lWdNUhCbcnEvI0NhGewg,2015,7,14,4,3.5
34,K7lWdNUhCbcnEvI0NhGewg,2014,1,8,4,3.25
35,K7lWdNUhCbcnEvI0NhGewg,2015,6,10,1,4.0
36,K7lWdNUhCbcnEvI0NhGewg,2016,12,6,2,4.5
37,K7lWdNUhCbcnEvI0NhGewg,2011,11,19,1,4.0
38,K7lWdNUhCbcnEvI0NhGewg,2011,11,12,2,3.0
39,K7lWdNUhCbcnEvI0NhGewg,2014,2,21,1,2.0
40,K7lWdNUhCbcnEvI0NhGewg,2015,5,19,2,5.0
41,K7lWdNUhCbcnEvI0NhGewg,2016,6,12,4,4.5
42,K7lWdNUhCbcnEvI0NhGewg,2015,8,21,2,3.0
43,K7lWdNUhCbcnEvI0NhGewg,2014,2,28,1,5.0
44,K7lWdNUhCbcnEvI0NhGewg,2015,2,11,2,3.5
45,K7lWdNUhCbcnEvI0NhGewg,2014,4,17,5,4.0
46,K7lWdNUhCbcnEvI0NhGewg,2016,6,10,2,4.5
47,K7lWdNUhCbcnEvI0NhGewg,2017,1,5,1,4.0
48,K7lWdNUhCbcnEvI0NhGewg,2012,6,25,2,4.5
49,K7lWdNUhCbcnEvI0NhGewg,2013,4,2,3,2.6666666666666665
50,K7lWdNUhCbcnEvI0NhGewg,2016,12,26,3,3.3333333333333335
51,K7lWdNUhCbcnEvI0NhGewg,2013,12,6,2,5.0
52,K7lWdNUhCbcnEvI0NhGewg,2014,3,24,2,4.5
53,K7lWdNUhCbcnEvI0NhGewg,2012,1,4,7,3.2857142857142856
54,K7lWdNUhCbcnEvI0NhGewg,2012,12,31,6,3.8333333333333335
55,K7lWdNUhCbcnEvI0NhGewg,2012,4,26,4,4.5
56,K7lWdNUhCbcnEvI0NhGewg,2016,3,27,5,3.0
57,K7lWdNUhCbcnEvI0NhGewg,2013,11,30,5,3.0
58,K7lWdNUhCbcnEvI0NhGewg,2015,12,13,1,2.0
59,K7lWdNUhCbcnEvI0NhGewg,2012,3,18,1,3.0
60,K7lWdNUhCbcnEvI0NhGewg,2013,12,21,2,4.5
61,K7lWdNUhCbcnEvI0NhGewg,2011,3,27,3,4.333333333333333
62,K7lWdNUhCbcnEvI0NhGewg,2016,9,21,1,5.0
63,K7lWdNUhCbcnEvI0NhGewg,2016,5,20,3,3.6666666666666665
64,K7lWdNUhCbcnEvI0NhGewg,2016,6,19,2,4.5
65,K7lWdNUhCbcnEvI0NhGewg,2012,9,19,2,5.0
66,K7lWdNUhCbcnEvI0NhGewg,2016,1,21,1,4.0
67,K7lWdNUhCbcnEvI0NhGewg,2012,4,21,1,4.0
68,K7lWdNUhCbcnEvI0NhGewg,2013,4,10,1,4.0
69,K7lWdNUhCbcnEvI0NhGewg,2016,9,28,1,3.0
70,K7lWdNUhCbcnEvI0NhGewg,2014,10,1,1,5.0
71,K7lWdNUhCbcnEvI0NhGewg,2014,4,16,1,2.0
72,K7lWdNUhCbcnEvI0NhGewg,2015,6,16,4,4.25
73,K7lWdNUhCbcnEvI0NhGewg,2015,10,15,3,2.6666666666666665
74,K7lWdNUhCbcnEvI0NhGewg,2014,6,15,2,3.0
75,K7lWdNUhCbcnEvI0NhGewg,2016,10,1,1,4.0
76,K7lWdNUhCbcnEvI0NhGewg,2013,10,21,4,3.0
77,K7lWdNUhCbcnEvI0NhGewg,2013,7,1,4,2.75
78,K7lWdNUhCbcnEvI0NhGewg,2011,3,16,3,4.333333333333333
79,K7lWdNUhCbcnEvI0NhGewg,2014,8,31,4,4.5
80,K7lWdNUhCbcnEvI0NhGewg,2012,3,13,2,4.5
81,K7lWdNUhCbcnEvI0NhGewg,2013,6,27,6,3.5
82,K7lWdNUhCbcnEvI0NhGewg,2013,9,6,4,3.75
83,K7lWdNUhCbcnEvI0NhGewg,2014,6,28,3,3.3333333333333335
84,K7lWdNUhCbcnEvI0NhGewg,2013,1,22,1,3.0
85,K7lWdNUhCbcnEvI0NhGewg,2011,7,11,3,4.666666666666667
86,K7lWdNUhCbcnEvI0NhGewg,2012,3,7,6,3.1666666666666665
87,K7lWdNUhCbcnEvI0NhGewg,2015,9,2,1,5.0
88,K7lWdNUhCbcnEvI0NhGewg,2011,11,29,6,3.6666666666666665
89,K7lWdNUhCbcnEvI0NhGewg,2013,11,18,3,4.333333333333333
90,K7lWdNUhCbcnEvI0NhGewg,2011,7,7,2,4.0
91,K7lWdNUhCbcnEvI0NhGewg,2012,11,14,2,5.0
92,K7lWdNUhCbcnEvI0NhGewg,2015,3,19,2,5.0
93,K7lWdNUhCbcnEvI0NhGewg,2015,2,9,1,5.0
94,K7lWdNUhCbcnEvI0NhGewg,2012,9,9,1,3.0
95,K7lWdNUhCbcnEvI0NhGewg,2015,7,7,2,5.0
96,K7lWdNUhCbcnEvI0NhGewg,2013,2,21,3,3.0
97,K7lWdNUhCbcnEvI0NhGewg,2012,12,10,1,5.0
98,K7lWdNUhCbcnEvI0NhGewg,2014,10,9,1,3.0
99,K7lWdNUhCbcnEvI0NhGewg,2012,7,7,1,5.0
100,K7lWdNUhCbcnEvI0NhGewg,2011,10,22,1,2.0
101,K7lWdNUhCbcnEvI0NhGewg,2011,1,13,1,5.0
102,K7lWdNUhCbcnEvI0NhGewg,2013,10,19,3,4.666666666666667
103,K7lWdNUhCbcnEvI0NhGewg,2011,10,2,2,4.0
104,K7lWdNUhCbcnEvI0NhGewg,2011,5,21,3,3.0
105,K7lWdNUhCbcnEvI0NhGewg,2016,7,17,3,4.0
106,K7lWdNUhCbcnEvI0NhGewg,2010,12,29,4,3.5
107,K7lWdNUhCbcnEvI0NhGewg,2015,12,30,6,2.1666666666666665
108,K7lWdNUhCbcnEvI0NhGewg,2014,8,12,4,3.0
109,K7lWdNUhCbcnEvI0NhGewg,2014,6,17,4,3.25
110,K7lWdNUhCbcnEvI0NhGewg,2011,9,6,4,4.25
111,K7lWdNUhCbcnEvI0NhGewg,2016,6,1,2,5.0
112,K7lWdNUhCbcnEvI0NhGewg,2011,3,30,5,4.2
113,K7lWdNUhCbcnEvI0NhGewg,2011,7,30,4,4.0
114,K7lWdNUhCbcnEvI0NhGewg,2015,2,27,5,2.8
115,K7lWdNUhCbcnEvI0NhGewg,2011,8,10,4,3.75
116,K7lWdNUhCbcnEvI0NhGewg,2014,10,6,2,4.5
117,K7lWdNUhCbcnEvI0NhGewg,2014,1,31,4,4.25
118,K7lWdNUhCbcnEvI0NhGewg,2013,5,17,5,4.0
119,K7lWdNUhCbcnEvI0NhGewg,2010,12,22,1,5.0
120,K7lWdNUhCbcnEvI0NhGewg,2014,4,29,1,5.0
121,K7lWdNUhCbcnEvI0NhGewg,2015,11,20,1,2.0
122,K7lWdNUhCbcnEvI0NhGewg,2012,11,21,2,4.0
123,K7lWdNUhCbcnEvI0NhGewg,2014,8,21,3,3.6666666666666665
124,K7lWdNUhCbcnEvI0NhGewg,2011,11,21,2,2.0
125,K7lWdNUhCbcnEvI0NhGewg,2016,7,9,4,3.5
126,K7lWdNUhCbcnEvI0NhGewg,2015,6,28,4,4.0
127,K7lWdNUhCbcnEvI0NhGewg,2017,1,15,3,5.0
128,K7lWdNUhCbcnEvI0NhGewg,2015,7,21,1,3.0
129,K7lWdNUhCbcnEvI0NhGewg,2014,2,6,1,4.0
130,K7lWdNUhCbcnEvI0NhGewg,2016,12,24,2,3.5
131,K7lWdNUhCbcnEvI0NhGewg,2014,5,24,3,5.0
132,K7lWdNUhCbcnEvI0NhGewg,2011,4,17,2,3.5
133,K7lWdNUhCbcnEvI0NhGewg,2010,12,28,2,4.0
134,K7lWdNUhCbcnEvI0NhGewg,2014,9,12,1,5.0
135,K7lWdNUhCbcnEvI0NhGewg,2011,12,18,2,4.5
136,K7lWdNUhCbcnEvI0NhGewg,2015,5,15,4,4.25
137,K7lWdNUhCbcnEvI0NhGewg,2014,7,20,2,4.5
138,K7lWdNUhCbcnEvI0NhGewg,2014,7,13,4,4.0
139,K7lWdNUhCbcnEvI0NhGewg,2016,6,16,1,5.0
140,K7lWdNUhCbcnEvI0NhGewg,2013,4,9,2,3.5
141,K7lWdNUhCbcnEvI0NhGewg,2016,11,9,1,2.0
142,K7lWdNUhCbcnEvI0NhGewg,2012,2,2,1,5.0
143,K7lWdNUhCbcnEvI0NhGewg,2013,7,21,3,4.333333333333333
144,K7lWdNUhCbcnEvI0NhGewg,2013,2,23,1,5.0
145,K7lWdNUhCbcnEvI0NhGewg,2012,8,3,5,3.8
146,K7lWdNUhCbcnEvI0NhGewg,2016,1,10,4,3.5
147,K7lWdNUhCbcnEvI0NhGewg,2013,5,31,2,3.0
148,K7lWdNUhCbcnEvI0NhGewg,2012,1,22,1,2.0
149,K7lWdNUhCbcnEvI0NhGewg,2016,12,29,9,3.4444444444444446
150,K7lWdNUhCbcnEvI0NhGewg,2016,7,16,4,3.5
151,K7lWdNUhCbcnEvI0NhGewg,2013,7,25,3,4.666666666666667
152,K7lWdNUhCbcnEvI0NhGewg,2016,12,21,2,2.5
153,K7lWdNUhCbcnEvI0NhGewg,2012,5,11,3,2.6666666666666665
154,K7lWdNUhCbcnEvI0NhGewg,2017,1,4,2,5.0
155,K7lWdNUhCbcnEvI0NhGewg,2012,6,24,1,5.0
156,K7lWdNUhCbcnEvI0NhGewg,2011,5,15,1,5.0
157,K7lWdNUhCbcnEvI0NhGewg,2011,2,11,1,4.0
158,K7lWdNUhCbcnEvI0NhGewg,2012,6,13,5,3.4
159,K7lWdNUhCbcnEvI0NhGewg,2013,2,22,5,2.6
160,K7lWdNUhCbcnEvI0NhGewg,2014,4,26,4,4.0
161,K7lWdNUhCbcnEvI0NhGewg,2011,4,15,6,3.6666666666666665
162,K7lWdNUhCbcnEvI0NhGewg,2013,8,7,4,2.75
163,K7lWdNUhCbcnEvI0NhGewg,2011,11,13,5,3.6
164,K7lWdNUhCbcnEvI0NhGewg,2012,5,30,3,2.6666666666666665
165,K7lWdNUhCbcnEvI0NhGewg,2016,7,6,2,3.5
166,K7lWdNUhCbcnEvI0NhGewg,2012,5,29,4,3.75
167,K7lWdNUhCbcnEvI0NhGewg,2012,2,15,1,4.0
168,K7lWdNUhCbcnEvI0NhGewg,2012,10,2,1,5.0
169,K7lWdNUhCbcnEvI0NhGewg,2016,7,29,2,5.0
170,K7lWdNUhCbcnEvI0NhGewg,2013,2,7,1,5.0
171,K7lWdNUhCbcnEvI0NhGewg,2013,4,26,1,4.0
172,K7lWdNUhCbcnEvI0NhGewg,2011,6,3,2,3.5
173,K7lWdNUhCbcnEvI0NhGewg,2011,6,22,5,3.8
174,K7lWdNUhCbcnEvI0NhGewg,2011,2,25,2,5.0
175,K7lWdNUhCbcnEvI0NhGewg,2015,7,28,2,2.5
176,K7lWdNUhCbcnEvI0NhGewg,2011,2,17,2,4.5
177,K7lWdNUhCbcnEvI0NhGewg,2016,7,22,1,4.0
178,K7lWdNUhCbcnEvI0NhGewg,2015,1,1,1,2.0
179,K7lWdNUhCbcnEvI0NhGewg,2013,9,14,1,5.0
180,K7lWdNUhCbcnEvI0NhGewg,2016,9,9,1,5.0
181,K7lWdNUhCbcnEvI0NhGewg,2013,3,10,2,4.0
182,K7lWdNUhCbcnEvI0NhGewg,2012,9,6,3,3.6666666666666665
183,K7lWdNUhCbcnEvI0NhGewg,2011,11,15,4,4.0
184,K7lWdNUhCbcnEvI0NhGewg,2016,2,29,4,2.75
185,K7lWdNUhCbcnEvI0NhGewg,2014,5,5,4,3.25
186,K7lWdNUhCbcnEvI0NhGewg,2016,2,7,2,4.5
187,K7lWdNUhCbcnEvI0NhGewg,2014,5,31,3,4.333333333333333
188,K7lWdNUhCbcnEvI0NhGewg,2011,7,19,2,2.5
189,K7lWdNUhCbcnEvI0NhGewg,2015,4,29,3,4.333333333333333
190,K7lWdNUhCbcnEvI0NhGewg,2014,2,10,6,3.8333333333333335
191,K7lWdNUhCbcnEvI0NhGewg,2014,2,18,4,3.75
192,K7lWdNUhCbcnEvI0NhGewg,2014,2,7,1,1.0
193,K7lWdNUhCbcnEvI0NhGewg,2014,8,10,2,3.0
194,K7lWdNUhCbcnEvI0NhGewg,2013,6,1,2,2.0
195,K7lWdNUhCbcnEvI0NhGewg,2014,5,19,2,4.5
196,K7lWdNUhCbcnEvI0NhGewg,2013,10,26,2,3.5
197,K7lWdNUhCbcnEvI0NhGewg,2013,1,12,1,4.0
198,K7lWdNUhCbcnEvI0NhGewg,2015,2,16,3,4.333333333333333
199,K7lWdNUhCbcnEvI0NhGewg,2016,11,28,1,1.0
200,K7lWdNUhCbcnEvI0NhGewg,2016,2,21,1,2.0
201,K7lWdNUhCbcnEvI0NhGewg,2012,6,9,1,4.0
202,K7lWdNUhCbcnEvI0NhGewg,2014,12,7,1,1.0
203,K7lWdNUhCbcnEvI0NhGewg,2015,4,12,1,5.0
204,K7lWdNUhCbcnEvI0NhGewg,2016,3,14,1,4.0
205,K7lWdNUhCbcnEvI0NhGewg,2012,2,7,3,3.3333333333333335
206,K7lWdNUhCbcnEvI0NhGewg,2014,2,3,4,3.75
207,K7lWdNUhCbcnEvI0NhGewg,2011,12,2,2,4.0
208,K7lWdNUhCbcnEvI0NhGewg,2016,5,15,4,4.5
209,K7lWdNUhCbcnEvI0NhGewg,2011,9,2,2,4.0
210,K7lWdNUhCbcnEvI0NhGewg,2013,4,30,2,3.0
211,K7lWdNUhCbcnEvI0NhGewg,2015,11,22,2,5.0
212,K7lWdNUhCbcnEvI0NhGewg,2016,4,16,1,5.0
213,K7lWdNUhCbcnEvI0NhGewg,2016,10,20,4,4.5
214,K7lWdNUhCbcnEvI0NhGewg,2016,8,28,3,3.3333333333333335
215,K7lWdNUhCbcnEvI0NhGewg,2014,6,1,2,4.0
216,K7lWdNUhCbcnEvI0NhGewg,2014,12,29,4,3.5
217,K7lWdNUhCbcnEvI0NhGewg,2013,12,28,6,3.8333333333333335
218,K7lWdNUhCbcnEvI0NhGewg,2013,2,11,1,5.0
219,K7lWdNUhCbcnEvI0NhGewg,2011,5,14,1,5.0
220,K7lWdNUhCbcnEvI0NhGewg,2015,9,7,3,3.6666666666666665
221,K7lWdNUhCbcnEvI0NhGewg,2013,4,7,1,2.0
222,K7lWdNUhCbcnEvI0NhGewg,2015,7,11,1,5.0
223,K7lWdNUhCbcnEvI0NhGewg,2015,5,6,2,4.0
224,K7lWdNUhCbcnEvI0NhGewg,2014,6,8,4,3.5
225,K7lWdNUhCbcnEvI0NhGewg,2014,1,28,2,4.0
226,K7lWdNUhCbcnEvI0NhGewg,2013,6,29,6,4.333333333333333
227,K7lWdNUhCbcnEvI0NhGewg,2015,7,9,2,3.5
228,K7lWdNUhCbcnEvI0NhGewg,2014,10,28,3,4.333333333333333
229,K7lWdNUhCbcnEvI0NhGewg,2011,10,21,1,1.0
230,K7lWdNUhCbcnEvI0NhGewg,2016,4,30,4,4.0
231,K7lWdNUhCbcnEvI0NhGewg,2011,5,7,4,4.25
232,K7lWdNUhCbcnEvI0NhGewg,2016,1,23,4,3.25
233,K7lWdNUhCbcnEvI0NhGewg,2012,8,28,7,4.428571428571429
234,K7lWdNUhCbcnEvI0NhGewg,2011,4,3,4,4.75
235,K7lWdNUhCbcnEvI0NhGewg,2012,9,26,2,3.5
236,K7lWdNUhCbcnEvI0NhGewg,2012,8,29,2,2.0
237,K7lWdNUhCbcnEvI0NhGewg,2016,7,1,5,3.8
238,K7lWdNUhCbcnEvI0NhGewg,2012,7,17,2,4.5
239,K7lWdNUhCbcnEvI0NhGewg,2015,12,28,5,3.2
240,K7lWdNUhCbcnEvI0NhGewg,2011,3,9,3,4.0
241,K7lWdNUhCbcnEvI0NhGewg,2011,4,24,2,3.5
242,K7lWdNUhCbcnEvI0NhGewg,2012,12,5,2,5.0
243,K7lWdNUhCbcnEvI0NhGewg,2014,5,20,1,4.0
244,K7lWdNUhCbcnEvI0NhGewg,2015,2,21,5,4.2
245,K7lWdNUhCbcnEvI0NhGewg,2015,5,27,5,3.0
246,K7lWdNUhCbcnEvI0NhGewg,2016,8,20,1,2.0
247,K7lWdNUhCbcnEvI0NhGewg,2015,6,1,6,4.333333333333333
248,K7lWdNUhCbcnEvI0NhGewg,2016,9,18,1,3.0
249,K7lWdNUhCbcnEvI0NhGewg,2011,5,24,3,4.666666666666667
250,K7lWdNUhCbcnEvI0NhGewg,2016,10,31,2,4.0
251,K7lWdNUhCbcnEvI0NhGewg,2016,2,19,1,4.0
252,K7lWdNUhCbcnEvI0NhGewg,2012,7,5,2,4.5
253,K7lWdNUhCbcnEvI0NhGewg,2015,10,28,2,4.0
254,K7lWdNUhCbcnEvI0NhGewg,2013,5,23,1,4.0
255,K7lWdNUhCbcnEvI0NhGewg,2011,7,25,4,3.75
256,K7lWdNUhCbcnEvI0NhGewg,2012,11,20,5,3.6
257,K7lWdNUhCbcnEvI0NhGewg,2013,6,23,2,3.5
258,K7lWdNUhCbcnEvI0NhGewg,2011,8,1,5,3.4
259,K7lWdNUhCbcnEvI0NhGewg,2015,12,4,2,4.0
260,K7lWdNUhCbcnEvI0NhGewg,2013,10,17,3,3.6666666666666665
261,K7lWdNUhCbcnEvI0NhGewg,2015,11,9,1,5.0
262,K7lWdNUhCbcnEvI0NhGewg,2011,10,10,4,3.5
263,K7lWdNUhCbcnEvI0NhGewg,2014,1,27,2,4.0
264,K7lWdNUhCbcnEvI0NhGewg,2013,8,1,4,4.5
265,K7lWdNUhCbcnEvI0NhGewg,2014,5,25,2,3.5
266,K7lWdNUhCbcnEvI0NhGewg,2013,10,28,1,3.0
267,K7lWdNUhCbcnEvI0NhGewg,2012,6,29,4,4.25
268,K7lWdNUhCbcnEvI0NhGewg,2014,3,11,4,4.5
269,K7lWdNUhCbcnEvI0NhGewg,2016,3,10,1,4.0
270,K7lWdNUhCbcnEvI0NhGewg,2013,9,8,4,4.75
271,K7lWdNUhCbcnEvI0NhGewg,2011,2,8,1,4.0
272,K7lWdNUhCbcnEvI0NhGewg,2013,9,10,1,5.0
273,K7lWdNUhCbcnEvI0NhGewg,2015,8,24,5,3.8
274,K7lWdNUhCbcnEvI0NhGewg,2016,4,9,2,4.5
275,K7lWdNUhCbcnEvI0NhGewg,2015,4,22,1,3.0
276,K7lWdNUhCbcnEvI0NhGewg,2015,10,17,2,3.0
277,K7lWdNUhCbcnEvI0NhGewg,2016,1,6,2,4.5
278,K7lWdNUhCbcnEvI0NhGewg,2012,10,21,1,4.0
279,K7lWdNUhCbcnEvI0NhGewg,2011,11,10,6,4.666666666666667
280,K7lWdNUhCbcnEvI0NhGewg,2013,5,30,3,4.0
281,K7lWdNUhCbcnEvI0NhGewg,2013,4,5,7,4.0
282,K7lWdNUhCbcnEvI0NhGewg,2013,9,17,5,3.6
283,K7lWdNUhCbcnEvI0NhGewg,2011,12,6,4,4.25
284,K7lWdNUhCbcnEvI0NhGewg,2014,8,24,2,2.5
285,K7lWdNUhCbcnEvI0NhGewg,2016,11,3,2,4.0
286,K7lWdNUhCbcnEvI0NhGewg,2016,2,10,4,4.25
287,K7lWdNUhCbcnEvI0NhGewg,2011,10,13,5,3.8
288,K7lWdNUhCbcnEvI0NhGewg,2014,3,4,4,3.0
289,K7lWdNUhCbcnEvI0NhGewg,2012,8,27,3,2.3333333333333335
290,K7lWdNUhCbcnEvI0NhGewg,2017,1,3,2,4.0
291,K7lWdNUhCbcnEvI0NhGewg,2016,4,24,1,5.0
292,K7lWdNUhCbcnEvI0NhGewg,2012,2,24,2,4.5
293,K7lWdNUhCbcnEvI0NhGewg,2015,6,8,1,5.0
294,K7lWdNUhCbcnEvI0NhGewg,2011,1,11,3,3.6666666666666665
295,K7lWdNUhCbcnEvI0NhGewg,2013,5,13,4,4.5
296,K7lWdNUhCbcnEvI0NhGewg,2015,5,29,4,4.25
297,K7lWdNUhCbcnEvI0NhGewg,2015,2,15,5,2.8
298,K7lWdNUhCbcnEvI0NhGewg,2015,1,17,3,3.3333333333333335
299,K7lWdNUhCbcnEvI0NhGewg,2011,7,12,6,4.5
300,K7lWdNUhCbcnEvI0NhGewg,2013,3,22,2,5.0
301,K7lWdNUhCbcnEvI0NhGewg,2016,11,27,4,3.0
302,K7lWdNUhCbcnEvI0NhGewg,2016,6,8,3,4.666666666666667
303,K7lWdNUhCbcnEvI0NhGewg,2016,11,21,3,4.0
304,K7lWdNUhCbcnEvI0NhGewg,2014,1,21,1,4.0
305,K7lWdNUhCbcnEvI0NhGewg,2014,8,19,3,3.6666666666666665
306,K7lWdNUhCbcnEvI0NhGewg,2012,2,18,2,5.0
307,K7lWdNUhCbcnEvI0NhGewg,2011,8,14,1,2.0
308,K7lWdNUhCbcnEvI0NhGewg,2013,5,16,5,3.6
309,K7lWdNUhCbcnEvI0NhGewg,2011,12,1,2,3.5
310,K7lWdNUhCbcnEvI0NhGewg,2016,4,4,3,3.0
311,K7lWdNUhCbcnEvI0NhGewg,2016,11,14,2,5.0
312,K7lWdNUhCbcnEvI0NhGewg,2015,9,3,2,5.0
313,K7lWdNUhCbcnEvI0NhGewg,2015,10,18,2,4.5
314,K7lWdNUhCbcnEvI0NhGewg,2012,5,25,1,1.0
315,K7lWdNUhCbcnEvI0NhGewg,2016,4,17,2,4.5
316,K7lWdNUhCbcnEvI0NhGewg,2016,7,2,1,4.0
317,K7lWdNUhCbcnEvI0NhGewg,2014,10,27,4,3.25
318,K7lWdNUhCbcnEvI0NhGewg,2011,7,1,7,3.857142857142857
319,K7lWdNUhCbcnEvI0NhGewg,2015,4,28,4,4.0
320,K7lWdNUhCbcnEvI0NhGewg,2015,10,10,2,3.0
321,K7lWdNUhCbcnEvI0NhGewg,2012,5,24,3,3.6666666666666665
322,K7lWdNUhCbcnEvI0NhGewg,2015,10,1,2,4.0
323,K7lWdNUhCbcnEvI0NhGewg,2017,1,2,2,3.5
324,K7lWdNUhCbcnEvI0NhGewg,2015,4,1,5,3.2
325,K7lWdNUhCbcnEvI0NhGewg,2014,8,6,3,2.3333333333333335
326,K7lWdNUhCbcnEvI0NhGewg,2015,11,7,3,3.6666666666666665
327,K7lWdNUhCbcnEvI0NhGewg,2011,4,7,3,4.333333333333333
328,K7lWdNUhCbcnEvI0NhGewg,2014,2,20,1,3.0
329,K7lWdNUhCbcnEvI0NhGewg,2011,11,17,3,3.3333333333333335
330,K7lWdNUhCbcnEvI0NhGewg,2016,6,27,3,3.0
331,K7lWdNUhCbcnEvI0NhGewg,2012,1,5,7,3.4285714285714284
332,K7lWdNUhCbcnEvI0NhGewg,2013,10,20,3,4.0
333,K7lWdNUhCbcnEvI0NhGewg,2015,3,16,2,3.0
334,K7lWdNUhCbcnEvI0NhGewg,2014,6,21,2,2.0
335,K7lWdNUhCbcnEvI0NhGewg,2015,9,22,1,4.0
336,K7lWdNUhCbcnEvI0NhGewg,2014,7,19,2,5.0
337,K7lWdNUhCbcnEvI0NhGewg,2013,7,26,2,4.0
338,K7lWdNUhCbcnEvI0NhGewg,2016,12,18,1,4.0
339,K7lWdNUhCbcnEvI0NhGewg,2013,10,18,5,4.0
340,K7lWdNUhCbcnEvI0NhGewg,2011,12,29,10,3.2
341,K7lWdNUhCbcnEvI0NhGewg,2016,12,27,8,3.625
342,K7lWdNUhCbcnEvI0NhGewg,2014,12,30,5,3.2
343,K7lWdNUhCbcnEvI0NhGewg,2015,1,7,4,2.5
344,K7lWdNUhCbcnEvI0NhGewg,2012,6,6,1,4.0
345,K7lWdNUhCbcnEvI0NhGewg,2014,7,22,6,2.8333333333333335
346,K7lWdNUhCbcnEvI0NhGewg,2015,11,11,3,4.666666666666667
347,K7lWdNUhCbcnEvI0NhGewg,2013,12,8,2,2.0
348,K7lWdNUhCbcnEvI0NhGewg,2013,6,24,1,4.0
349,K7lWdNUhCbcnEvI0NhGewg,2014,7,15,8,3.75
350,K7lWdNUhCbcnEvI0NhGewg,2016,3,8,4,2.75
351,K7lWdNUhCbcnEvI0NhGewg,2013,7,9,4,3.5
352,K7lWdNUhCbcnEvI0NhGewg,2013,7,24,1,3.0
353,K7lWdNUhCbcnEvI0NhGewg,2016,8,2,1,2.0
354,K7lWdNUhCbcnEvI0NhGewg,2014,12,26,8,3.25
355,K7lWdNUhCbcnEvI0NhGewg,2015,2,28,1,1.0
356,K7lWdNUhCbcnEvI0NhGewg,2011,2,15,1,5.0
357,K7lWdNUhCbcnEvI0NhGewg,2012,5,18,1,4.0
358,K7lWdNUhCbcnEvI0NhGewg,2016,6,13,1,3.0
359,K7lWdNUhCbcnEvI0NhGewg,2013,1,8,5,3.8
360,K7lWdNUhCbcnEvI0NhGewg,2014,10,26,1,3.0
361,K7lWdNUhCbcnEvI0NhGewg,2011,10,15,3,4.0
362,K7lWdNUhCbcnEvI0NhGewg,2016,5,21,2,3.5
363,K7lWdNUhCbcnEvI0NhGewg,2013,8,4,1,3.0
364,K7lWdNUhCbcnEvI0NhGewg,2012,11,29,3,4.0
365,K7lWdNUhCbcnEvI0NhGewg,2014,9,19,2,4.0
366,K7lWdNUhCbcnEvI0NhGewg,2016,9,25,1,4.0
367,K7lWdNUhCbcnEvI0NhGewg,2015,5,31,1,5.0
368,K7lWdNUhCbcnEvI0NhGewg,2012,1,3,6,3.1666666666666665
369,K7lWdNUhCbcnEvI0NhGewg,2011,3,19,2,4.0
370,K7lWdNUhCbcnEvI0NhGewg,2011,3,15,4,4.75
371,K7lWdNUhCbcnEvI0NhGewg,2011,1,26,1,3.0
372,K7lWdNUhCbcnEvI0NhGewg,2012,5,3,7,4.0
373,K7lWdNUhCbcnEvI0NhGewg,2011,5,17,6,2.8333333333333335
374,K7lWdNUhCbcnEvI0NhGewg,2012,7,14,4,3.75
375,K7lWdNUhCbcnEvI0NhGewg,2015,3,3,2,3.5
376,K7lWdNUhCbcnEvI0NhGewg,2011,5,25,1,5.0
377,K7lWdNUhCbcnEvI0NhGewg,2014,4,12,3,4.666666666666667
378,K7lWdNUhCbcnEvI0NhGewg,2015,9,14,2,5.0
379,K7lWdNUhCbcnEvI0NhGewg,2016,9,6,3,3.3333333333333335
380,K7lWdNUhCbcnEvI0NhGewg,2014,7,21,4,3.5
381,K7lWdNUhCbcnEvI0NhGewg,2010,12,26,1,4.0
382,K7lWdNUhCbcnEvI0NhGewg,2012,11,27,2,3.0
383,K7lWdNUhCbcnEvI0NhGewg,2012,4,15,2,4.0
384,K7lWdNUhCbcnEvI0NhGewg,2014,3,17,4,3.75
385,K7lWdNUhCbcnEvI0NhGewg,2011,11,26,3,4.333333333333333
386,K7lWdNUhCbcnEvI0NhGewg,2015,9,5,1,5.0
387,K7lWdNUhCbcnEvI0NhGewg,2015,1,9,4,2.5
388,K7lWdNUhCbcnEvI0NhGewg,2012,4,5,5,3.4
389,K7lWdNUhCbcnEvI0NhGewg,2014,4,10,4,3.75
390,K7lWdNUhCbcnEvI0NhGewg,2013,7,4,1,5.0
391,K7lWdNUhCbcnEvI0NhGewg,2014,11,5,2,3.0
392,K7lWdNUhCbcnEvI0NhGewg,2013,10,23,1,4.0
393,K7lWdNUhCbcnEvI0NhGewg,2013,7,6,1,5.0
394,K7lWdNUhCbcnEvI0NhGewg,2014,11,9,1,2.0
395,K7lWdNUhCbcnEvI0NhGewg,2011,9,20,3,4.0
396,K7lWdNUhCbcnEvI0NhGewg,2015,6,26,4,3.25
397,K7lWdNUhCbcnEvI0NhGewg,2011,8,13,4,4.0
398,K7lWdNUhCbcnEvI0NhGewg,2016,2,24,4,4.0
399,K7lWdNUhCbcnEvI0NhGewg,2011,11,27,4,3.75
400,K7lWdNUhCbcnEvI0NhGewg,2014,12,9,4,4.25
401,K7lWdNUhCbcnEvI0NhGewg,2015,10,6,3,4.0
402,K7lWdNUhCbcnEvI0NhGewg,2015,10,20,2,5.0
403,K7lWdNUhCbcnEvI0NhGewg,2014,5,22,3,1.6666666666666667
404,K7lWdNUhCbcnEvI0NhGewg,2011,11,22,3,2.0
405,K7lWdNUhCbcnEvI0NhGewg,2013,7,20,1,4.0
406,K7lWdNUhCbcnEvI0NhGewg,2013,11,19,3,3.0
407,K7lWdNUhCbcnEvI0NhGewg,2012,2,5,1,4.0
408,K7lWdNUhCbcnEvI0NhGewg,2011,1,24,5,3.8
409,K7lWdNUhCbcnEvI0NhGewg,2011,8,17,1,3.0
410,K7lWdNUhCbcnEvI0NhGewg,2012,5,10,2,4.0
411,K7lWdNUhCbcnEvI0NhGewg,2011,1,8,1,5.0
412,K7lWdNUhCbcnEvI0NhGewg,2012,11,7,5,3.2
413,K7lWdNUhCbcnEvI0NhGewg,2012,6,23,2,4.5
414,K7lWdNUhCbcnEvI0NhGewg,2011,11,8,2,4.0
415,K7lWdNUhCbcnEvI0NhGewg,2012,4,16,2,5.0
416,K7lWdNUhCbcnEvI0NhGewg,2011,5,18,4,4.0
417,K7lWdNUhCbcnEvI0NhGewg,2014,5,10,2,3.5
418,K7lWdNUhCbcnEvI0NhGewg,2011,10,8,4,4.0
419,K7lWdNUhCbcnEvI0NhGewg,2014,4,14,5,3.8
420,K7lWdNUhCbcnEvI0NhGewg,2012,6,14,1,4.0
421,K7lWdNUhCbcnEvI0NhGewg,2015,7,27,7,2.857142857142857
422,K7lWdNUhCbcnEvI0NhGewg,2014,7,18,2,4.5
423,K7lWdNUhCbcnEvI0NhGewg,2016,11,18,1,3.0
424,K7lWdNUhCbcnEvI0NhGewg,2016,11,15,5,3.8
425,K7lWdNUhCbcnEvI0NhGewg,2015,3,20,1,2.0
426,K7lWdNUhCbcnEvI0NhGewg,2016,3,6,2,3.0
427,K7lWdNUhCbcnEvI0NhGewg,2015,1,10,1,3.0
428,K7lWdNUhCbcnEvI0NhGewg,2016,9,12,1,5.0
429,K7lWdNUhCbcnEvI0NhGewg,2011,8,22,3,4.0
430,K7lWdNUhCbcnEvI0NhGewg,2013,8,14,2,3.5
431,K7lWdNUhCbcnEvI0NhGewg,2015,11,19,1,1.0
432,K7lWdNUhCbcnEvI0NhGewg,2012,9,16,1,5.0
433,K7lWdNUhCbcnEvI0NhGewg,2013,9,3,1,3.0
434,K7lWdNUhCbcnEvI0NhGewg,2014,11,3,1,4.0
435,K7lWdNUhCbcnEvI0NhGewg,2011,5,2,2,4.0
436,K7lWdNUhCbcnEvI0NhGewg,2016,1,22,2,3.5
437,K7lWdNUhCbcnEvI0NhGewg,2016,6,4,2,3.5
438,K7lWdNUhCbcnEvI0NhGewg,2015,4,27,5,4.6
439,K7lWdNUhCbcnEvI0NhGewg,2012,4,27,4,4.0
440,K7lWdNUhCbcnEvI0NhGewg,2016,1,3,2,4.5
441,K7lWdNUhCbcnEvI0NhGewg,2014,12,19,2,4.0
442,K7lWdNUhCbcnEvI0NhGewg,2012,3,19,3,4.0
443,K7lWdNUhCbcnEvI0NhGewg,2014,5,21,2,4.5
444,K7lWdNUhCbcnEvI0NhGewg,2012,7,22,1,4.0
445,K7lWdNUhCbcnEvI0NhGewg,2016,3,13,2,2.0
446,K7lWdNUhCbcnEvI0NhGewg,2013,6,6,1,4.0
447,K7lWdNUhCbcnEvI0NhGewg,2011,3,26,1,2.0
448,K7lWdNUhCbcnEvI0NhGewg,2014,8,14,3,3.6666666666666665
449,K7lWdNUhCbcnEvI0NhGewg,2012,4,12,5,4.0
450,K7lWdNUhCbcnEvI0NhGewg,2013,12,10,1,5.0
451,K7lWdNUhCbcnEvI0NhGewg,2013,11,24,3,4.0
452,K7lWdNUhCbcnEvI0NhGewg,2013,12,14,2,1.5
453,K7lWdNUhCbcnEvI0NhGewg,2012,4,29,1,4.0
454,K7lWdNUhCbcnEvI0NhGewg,2012,7,6,4,4.0
455,K7lWdNUhCbcnEvI0NhGewg,2013,12,17,5,4.4
456,K7lWdNUhCbcnEvI0NhGewg,2012,8,10,5,3.6
457,K7lWdNUhCbcnEvI0NhGewg,2012,6,26,4,4.0
458,K7lWdNUhCbcnEvI0NhGewg,2015,4,16,4,3.75
459,K7lWdNUhCbcnEvI0NhGewg,2016,11,13,2,4.5
460,K7lWdNUhCbcnEvI0NhGewg,2016,4,25,3,3.3333333333333335
461,K7lWdNUhCbcnEvI0NhGewg,2012,11,22,2,4.0
462,K7lWdNUhCbcnEvI0NhGewg,2014,6,16,6,3.3333333333333335
463,K7lWdNUhCbcnEvI0NhGewg,2013,5,6,3,3.6666666666666665
464,K7lWdNUhCbcnEvI0NhGewg,2011,1,21,2,2.0
465,K7lWdNUhCbcnEvI0NhGewg,2011,10,19,3,3.0
466,K7lWdNUhCbcnEvI0NhGewg,2012,1,8,3,3.3333333333333335
467,K7lWdNUhCbcnEvI0NhGewg,2016,4,3,4,3.25
468,K7lWdNUhCbcnEvI0NhGewg,2012,1,15,3,2.6666666666666665
469,K7lWdNUhCbcnEvI0NhGewg,2014,7,30,4,3.75
470,K7lWdNUhCbcnEvI0NhGewg,2014,5,8,2,4.5
471,K7lWdNUhCbcnEvI0NhGewg,2011,5,23,8,4.5
472,K7lWdNUhCbcnEvI0NhGewg,2011,5,12,4,4.0
473,K7lWdNUhCbcnEvI0NhGewg,2015,8,10,5,4.2
474,K7lWdNUhCbcnEvI0NhGewg,2011,6,23,1,3.0
475,K7lWdNUhCbcnEvI0NhGewg,2013,7,12,1,3.0
476,K7lWdNUhCbcnEvI0NhGewg,2016,9,23,1,1.0
477,K7lWdNUhCbcnEvI0NhGewg,2011,2,10,3,3.3333333333333335
478,K7lWdNUhCbcnEvI0NhGewg,2012,5,15,1,4.0
479,K7lWdNUhCbcnEvI0NhGewg,2012,5,1,4,4.75
480,K7lWdNUhCbcnEvI0NhGewg,2014,8,1,3,3.6666666666666665
481,K7lWdNUhCbcnEvI0NhGewg,2016,3,5,2,4.5
482,K7lWdNUhCbcnEvI0NhGewg,2013,2,20,2,4.0
483,K7lWdNUhCbcnEvI0NhGewg,2015,2,25,4,3.75
484,K7lWdNUhCbcnEvI0NhGewg,2012,6,4,4,3.75
485,K7lWdNUhCbcnEvI0NhGewg,2014,2,11,2,3.5
486,K7lWdNUhCbcnEvI0NhGewg,2012,10,12,3,3.0
487,K7lWdNUhCbcnEvI0NhGewg,2015,3,23,3,3.3333333333333335
488,K7lWdNUhCbcnEvI0NhGewg,2016,2,8,4,4.25
489,K7lWdNUhCbcnEvI0NhGewg,2016,11,25,3,2.0
490,K7lWdNUhCbcnEvI0NhGewg,2011,10,9,1,3.0
491,K7lWdNUhCbcnEvI0NhGewg,2013,4,22,1,3.0
492,K7lWdNUhCbcnEvI0NhGewg,2016,5,11,1,5.0
493,K7lWdNUhCbcnEvI0NhGewg,2014,11,10,6,4.333333333333333
494,K7lWdNUhCbcnEvI0NhGewg,2015,6,14,2,3.5
495,K7lWdNUhCbcnEvI0NhGewg,2013,11,13,3,4.333333333333333
496,K7lWdNUhCbcnEvI0NhGewg,2014,3,25,2,3.0
497,K7lWdNUhCbcnEvI0NhGewg,2014,9,28,4,4.0
498,K7lWdNUhCbcnEvI0NhGewg,2015,11,24,2,4.0
499,K7lWdNUhCbcnEvI0NhGewg,2016,8,31,3,4.333333333333333
500,K7lWdNUhCbcnEvI0NhGewg,2013,3,8,3,4.0
501,K7lWdNUhCbcnEvI0NhGewg,2013,11,1,2,3.5
502,K7lWdNUhCbcnEvI0NhGewg,2013,9,23,1,5.0
503,K7lWdNUhCbcnEvI0NhGewg,2016,6,25,1,5.0
504,K7lWdNUhCbcnEvI0NhGewg,2012,5,12,1,4.0
505,K7lWdNUhCbcnEvI0NhGewg,2012,5,6,2,4.0
506,K7lWdNUhCbcnEvI0NhGewg,2011,6,28,3,3.0
507,K7lWdNUhCbcnEvI0NhGewg,2012,6,10,1,4.0
508,K7lWdNUhCbcnEvI0NhGewg,2016,6,26,2,4.5
509,K7lWdNUhCbcnEvI0NhGewg,2012,12,17,3,4.666666666666667
510,K7lWdNUhCbcnEvI0NhGewg,2013,2,15,3,3.0
511,K7lWdNUhCbcnEvI0NhGewg,2015,8,17,3,3.3333333333333335
512,K7lWdNUhCbcnEvI0NhGewg,2011,2,24,2,3.5
513,K7lWdNUhCbcnEvI0NhGewg,2014,11,29,4,3.5
514,K7lWdNUhCbcnEvI0NhGewg,2014,9,27,2,1.5
515,K7lWdNUhCbcnEvI0NhGewg,2011,10,18,6,3.8333333333333335
516,K7lWdNUhCbcnEvI0NhGewg,2013,2,9,1,4.0
517,K7lWdNUhCbcnEvI0NhGewg,2013,12,29,5,2.6
518,K7lWdNUhCbcnEvI0NhGewg,2013,2,19,4,4.5
519,K7lWdNUhCbcnEvI0NhGewg,2016,2,26,3,4.333333333333333
520,K7lWdNUhCbcnEvI0NhGewg,2015,2,1,1,4.0
521,K7lWdNUhCbcnEvI0NhGewg,2011,10,27,1,2.0
522,K7lWdNUhCbcnEvI0NhGewg,2011,4,13,4,4.5
523,K7lWdNUhCbcnEvI0NhGewg,2017,1,12,3,3.0
524,K7lWdNUhCbcnEvI0NhGewg,2011,6,8,4,3.5
525,K7lWdNUhCbcnEvI0NhGewg,2011,6,9,4,4.0
526,K7lWdNUhCbcnEvI0NhGewg,2012,4,28,4,2.75
527,K7lWdNUhCbcnEvI0NhGewg,2014,3,13,2,3.5
528,K7lWdNUhCbcnEvI0NhGewg,2012,10,26,2,4.0
529,K7lWdNUhCbcnEvI0NhGewg,2015,7,24,1,4.0
530,K7lWdNUhCbcnEvI0NhGewg,2013,11,6,2,3.0
531,K7lWdNUhCbcnEvI0NhGewg,2016,2,27,4,3.75
532,K7lWdNUhCbcnEvI0NhGewg,2016,7,3,5,3.8
533,K7lWdNUhCbcnEvI0NhGewg,2015,2,3,4,4.25
534,K7lWdNUhCbcnEvI0NhGewg,2015,8,3,6,3.5
535,K7lWdNUhCbcnEvI0NhGewg,2011,7,3,2,4.5
536,K7lWdNUhCbcnEvI0NhGewg,2014,10,22,3,4.333333333333333
537,K7lWdNUhCbcnEvI0NhGewg,2012,1,25,6,2.6666666666666665
538,K7lWdNUhCbcnEvI0NhGewg,2011,2,9,5,3.6
539,K7lWdNUhCbcnEvI0NhGewg,2015,9,30,2,3.0
540,K7lWdNUhCbcnEvI0NhGewg,2016,8,12,3,3.6666666666666665
541,K7lWdNUhCbcnEvI0NhGewg,2012,4,1,2,4.0
542,K7lWdNUhCbcnEvI0NhGewg,2012,12,29,2,2.5
543,K7lWdNUhCbcnEvI0NhGewg,2016,8,21,5,3.0
544,K7lWdNUhCbcnEvI0NhGewg,2015,1,16,2,5.0
545,K7lWdNUhCbcnEvI0NhGewg,2015,7,2,2,3.5
546,K7lWdNUhCbcnEvI0NhGewg,2016,6,20,2,4.5
547,K7lWdNUhCbcnEvI0NhGewg,2013,6,8,2,2.0
548,K7lWdNUhCbcnEvI0NhGewg,2016,5,4,1,2.0
549,K7lWdNUhCbcnEvI0NhGewg,2014,1,10,5,3.6
550,K7lWdNUhCbcnEvI0NhGewg,2013,8,12,4,4.0
551,K7lWdNUhCbcnEvI0NhGewg,2014,11,12,2,4.0
552,K7lWdNUhCbcnEvI0NhGewg,2014,4,21,3,3.6666666666666665
553,K7lWdNUhCbcnEvI0NhGewg,2016,2,12,1,3.0
554,K7lWdNUhCbcnEvI0NhGewg,2011,3,2,2,3.0
555,K7lWdNUhCbcnEvI0NhGewg,2012,9,14,1,3.0
556,K7lWdNUhCbcnEvI0NhGewg,2014,12,14,1,2.0
557,K7lWdNUhCbcnEvI0NhGewg,2013,9,12,2,3.5
558,K7lWdNUhCbcnEvI0NhGewg,2011,12,27,5,2.8
559,K7lWdNUhCbcnEvI0NhGewg,2013,7,8,7,3.142857142857143
560,K7lWdNUhCbcnEvI0NhGewg,2016,1,24,2,3.5
561,K7lWdNUhCbcnEvI0NhGewg,2014,9,18,1,5.0
562,K7lWdNUhCbcnEvI0NhGewg,2013,6,10,3,4.0
563,K7lWdNUhCbcnEvI0NhGewg,2013,11,5,2,4.0
564,K7lWdNUhCbcnEvI0NhGewg,2012,1,30,4,3.0
565,K7lWdNUhCbcnEvI0NhGewg,2013,10,10,5,4.2
566,K7lWdNUhCbcnEvI0NhGewg,2015,12,2,2,1.5
567,K7lWdNUhCbcnEvI0NhGewg,2015,10,21,2,4.5
568,K7lWdNUhCbcnEvI0NhGewg,2014,12,21,2,3.0
569,K7lWdNUhCbcnEvI0NhGewg,2013,1,11,2,4.0
570,K7lWdNUhCbcnEvI0NhGewg,2012,12,3,5,3.8
571,K7lWdNUhCbcnEvI0NhGewg,2012,9,15,3,4.0
572,K7lWdNUhCbcnEvI0NhGewg,2017,1,18,1,3.0
573,K7lWdNUhCbcnEvI0NhGewg,2016,9,4,2,5.0
574,K7lWdNUhCbcnEvI0NhGewg,2011,1,9,1,5.0
575,K7lWdNUhCbcnEvI0NhGewg,2011,4,27,1,5.0
576,K7lWdNUhCbcnEvI0NhGewg,2012,10,28,1,5.0
577,K7lWdNUhCbcnEvI0NhGewg,2012,7,16,1,3.0
578,K7lWdNUhCbcnEvI0NhGewg,2012,6,7,4,4.25
579,K7lWdNUhCbcnEvI0NhGewg,2011,1,31,4,3.5
580,K7lWdNUhCbcnEvI0NhGewg,2014,5,14,4,4.25
581,K7lWdNUhCbcnEvI0NhGewg,2012,11,28,1,3.0
582,K7lWdNUhCbcnEvI0NhGewg,2014,9,29,1,4.0
583,K7lWdNUhCbcnEvI0NhGewg,2014,11,22,5,3.8
584,K7lWdNUhCbcnEvI0NhGewg,2016,3,11,2,4.5
585,K7lWdNUhCbcnEvI0NhGewg,2013,7,31,1,5.0
586,K7lWdNUhCbcnEvI0NhGewg,2013,11,11,2,3.0
587,K7lWdNUhCbcnEvI0NhGewg,2011,5,29,3,4.666666666666667
588,K7lWdNUhCbcnEvI0NhGewg,2014,7,1,3,4.333333333333333
589,K7lWdNUhCbcnEvI0NhGewg,2014,8,26,4,2.5
590,K7lWdNUhCbcnEvI0NhGewg,2016,9,19,1,4.0
591,K7lWdNUhCbcnEvI0NhGewg,2012,1,23,6,4.333333333333333
592,K7lWdNUhCbcnEvI0NhGewg,2014,9,17,2,4.0
593,K7lWdNUhCbcnEvI0NhGewg,2012,8,5,1,5.0
594,K7lWdNUhCbcnEvI0NhGewg,2011,8,3,2,3.5
595,K7lWdNUhCbcnEvI0NhGewg,2013,3,6,1,3.0
596,K7lWdNUhCbcnEvI0NhGewg,2015,11,16,4,4.5
597,K7lWdNUhCbcnEvI0NhGewg,2012,2,21,11,3.6363636363636362
598,K7lWdNUhCbcnEvI0NhGewg,2012,7,4,4,3.0
599,K7lWdNUhCbcnEvI0NhGewg,2011,7,21,4,3.0
600,K7lWdNUhCbcnEvI0NhGewg,2015,6,24,2,3.0
601,K7lWdNUhCbcnEvI0NhGewg,2013,9,9,1,4.0
602,K7lWdNUhCbcnEvI0NhGewg,2015,11,29,4,4.0
603,K7lWdNUhCbcnEvI0NhGewg,2011,3,12,1,3.0
604,K7lWdNUhCbcnEvI0NhGewg,2014,5,28,3,3.6666666666666665
605,K7lWdNUhCbcnEvI0NhGewg,2015,6,4,6,4.166666666666667
606,K7lWdNUhCbcnEvI0NhGewg,2013,10,1,2,3.5
607,K7lWdNUhCbcnEvI0NhGewg,2011,8,16,6,4.0
608,K7lWdNUhCbcnEvI0NhGewg,2013,1,27,2,3.5
609,K7lWdNUhCbcnEvI0NhGewg,2016,11,11,3,4.666666666666667
610,K7lWdNUhCbcnEvI0NhGewg,2014,6,11,3,4.333333333333333
611,K7lWdNUhCbcnEvI0NhGewg,2011,4,22,2,4.0
612,K7lWdNUhCbcnEvI0NhGewg,2011,7,8,2,5.0
613,K7lWdNUhCbcnEvI0NhGewg,2014,5,2,1,5.0
614,K7lWdNUhCbcnEvI0NhGewg,2016,11,12,1,5.0
615,K7lWdNUhCbcnEvI0NhGewg,2011,8,2,5,3.6
616,K7lWdNUhCbcnEvI0NhGewg,2015,1,21,3,3.0
617,K7lWdNUhCbcnEvI0NhGewg,2012,2,13,3,3.0
618,K7lWdNUhCbcnEvI0NhGewg,2015,11,12,4,4.0
619,K7lWdNUhCbcnEvI0NhGewg,2012,2,26,3,3.6666666666666665
620,K7lWdNUhCbcnEvI0NhGewg,2013,6,26,1,4.0
621,K7lWdNUhCbcnEvI0NhGewg,2013,9,19,1,2.0
622,K7lWdNUhCbcnEvI0NhGewg,2013,11,16,3,3.0
623,K7lWdNUhCbcnEvI0NhGewg,2015,1,14,1,2.0
624,K7lWdNUhCbcnEvI0NhGewg,2012,3,21,3,4.0
625,K7lWdNUhCbcnEvI0NhGewg,2015,5,23,3,4.333333333333333
626,K7lWdNUhCbcnEvI0NhGewg,2011,12,19,3,4.0
627,K7lWdNUhCbcnEvI0NhGewg,2012,9,10,1,3.0
628,K7lWdNUhCbcnEvI0NhGewg,2014,10,25,3,4.0
629,K7lWdNUhCbcnEvI0NhGewg,2012,11,30,3,3.3333333333333335
630,K7lWdNUhCbcnEvI0NhGewg,2012,3,10,1,5.0
631,K7lWdNUhCbcnEvI0NhGewg,2015,8,16,1,5.0
632,K7lWdNUhCbcnEvI0NhGewg,2011,8,28,1,4.0
633,K7lWdNUhCbcnEvI0NhGewg,2015,8,14,6,3.6666666666666665
634,K7lWdNUhCbcnEvI0NhGewg,2016,8,8,2,2.5
635,K7lWdNUhCbcnEvI0NhGewg,2012,3,4,4,3.0
636,K7lWdNUhCbcnEvI0NhGewg,2012,3,9,1,2.0
637,K7lWdNUhCbcnEvI0NhGewg,2015,8,15,1,4.0
638,K7lWdNUhCbcnEvI0NhGewg,2012,3,16,3,4.0
639,K7lWdNUhCbcnEvI0NhGewg,2012,4,30,1,2.0
640,K7lWdNUhCbcnEvI0NhGewg,2014,11,15,2,3.0
641,K7lWdNUhCbcnEvI0NhGewg,2012,8,17,3,4.0
642,K7lWdNUhCbcnEvI0NhGewg,2012,12,19,2,3.0
643,K7lWdNUhCbcnEvI0NhGewg,2015,3,21,1,4.0
644,K7lWdNUhCbcnEvI0NhGewg,2016,4,19,1,4.0
645,K7lWdNUhCbcnEvI0NhGewg,2015,12,10,3,2.6666666666666665
646,K7lWdNUhCbcnEvI0NhGewg,2015,8,31,3,3.3333333333333335
647,K7lWdNUhCbcnEvI0NhGewg,2012,12,24,2,3.5
648,K7lWdNUhCbcnEvI0NhGewg,2014,9,14,3,4.0
649,K7lWdNUhCbcnEvI0NhGewg,2013,3,5,2,2.0
650,K7lWdNUhCbcnEvI0NhGewg,2015,7,4,1,4.0
651,K7lWdNUhCbcnEvI0NhGewg,2016,5,16,1,5.0
652,K7lWdNUhCbcnEvI0NhGewg,2015,3,12,2,4.5
653,K7lWdNUhCbcnEvI0NhGewg,2011,6,11,2,4.0
654,K7lWdNUhCbcnEvI0NhGewg,2013,8,2,2,5.0
655,K7lWdNUhCbcnEvI0NhGewg,2013,6,20,3,5.0
656,K7lWdNUhCbcnEvI0NhGewg,2015,8,6,5,4.0
657,K7lWdNUhCbcnEvI0NhGewg,2011,6,14,1,5.0
658,K7lWdNUhCbcnEvI0NhGewg,2013,1,13,5,4.2
659,K7lWdNUhCbcnEvI0NhGewg,2012,9,13,3,4.0
660,K7lWdNUhCbcnEvI0NhGewg,2012,1,24,3,3.6666666666666665
661,K7lWdNUhCbcnEvI0NhGewg,2014,8,3,6,2.8333333333333335
662,K7lWdNUhCbcnEvI0NhGewg,2013,8,16,2,4.0
663,K7lWdNUhCbcnEvI0NhGewg,2013,3,20,2,4.5
664,K7lWdNUhCbcnEvI0NhGewg,2011,5,6,1,3.0
665,K7lWdNUhCbcnEvI0NhGewg,2014,8,4,2,3.0
666,K7lWdNUhCbcnEvI0NhGewg,2012,7,12,5,4.0
667,K7lWdNUhCbcnEvI0NhGewg,2013,6,30,4,4.25
668,K7lWdNUhCbcnEvI0NhGewg,2015,6,7,3,3.3333333333333335
669,K7lWdNUhCbcnEvI0NhGewg,2015,5,4,2,4.5
670,K7lWdNUhCbcnEvI0NhGewg,2016,12,5,1,4.0
671,K7lWdNUhCbcnEvI0NhGewg,2011,3,31,1,5.0
672,K7lWdNUhCbcnEvI0NhGewg,2015,11,27,5,2.0
673,K7lWdNUhCbcnEvI0NhGewg,2012,10,23,2,4.0
674,K7lWdNUhCbcnEvI0NhGewg,2013,12,13,1,5.0
675,K7lWdNUhCbcnEvI0NhGewg,2015,5,22,2,3.0
676,K7lWdNUhCbcnEvI0NhGewg,2014,12,31,5,2.8
677,K7lWdNUhCbcnEvI0NhGewg,2015,4,24,3,4.333333333333333
678,K7lWdNUhCbcnEvI0NhGewg,2014,12,18,1,4.0
679,K7lWdNUhCbcnEvI0NhGewg,2014,11,13,2,3.0
680,K7lWdNUhCbcnEvI0NhGewg,2015,2,23,4,3.75
681,K7lWdNUhCbcnEvI0NhGewg,2014,6,30,3,3.3333333333333335
682,K7lWdNUhCbcnEvI0NhGewg,2015,12,31,4,3.0
683,K7lWdNUhCbcnEvI0NhGewg,2011,1,12,2,4.5
684,K7lWdNUhCbcnEvI0NhGewg,2014,3,2,1,5.0
685,K7lWdNUhCbcnEvI0NhGewg,2011,6,24,1,4.0
686,K7lWdNUhCbcnEvI0NhGewg,2016,10,5,3,2.6666666666666665
687,K7lWdNUhCbcnEvI0NhGewg,2013,5,8,2,3.5
688,K7lWdNUhCbcnEvI0NhGewg,2012,9,30,3,5.0
689,K7lWdNUhCbcnEvI0NhGewg,2013,9,25,2,4.0
690,K7lWdNUhCbcnEvI0NhGewg,2015,7,20,1,3.0
691,K7lWdNUhCbcnEvI0NhGewg,2014,1,13,3,3.3333333333333335
692,K7lWdNUhCbcnEvI0NhGewg,2011,9,14,1,5.0
693,K7lWdNUhCbcnEvI0NhGewg,2011,2,4,2,4.5
694,K7lWdNUhCbcnEvI0NhGewg,2016,4,11,3,3.6666666666666665
695,K7lWdNUhCbcnEvI0NhGewg,2011,2,23,4,3.5
696,K7lWdNUhCbcnEvI0NhGewg,2016,1,2,4,3.75
697,K7lWdNUhCbcnEvI0NhGewg,2014,2,22,1,1.0
698,K7lWdNUhCbcnEvI0NhGewg,2012,1,27,2,3.0
699,K7lWdNUhCbcnEvI0NhGewg,2011,6,15,3,4.0
700,K7lWdNUhCbcnEvI0NhGewg,2014,10,24,2,4.5
701,K7lWdNUhCbcnEvI0NhGewg,2013,3,12,1,5.0
702,K7lWdNUhCbcnEvI0NhGewg,2016,11,7,1,4.0
703,K7lWdNUhCbcnEvI0NhGewg,2015,9,15,2,3.5
704,K7lWdNUhCbcnEvI0NhGewg,2013,10,27,2,5.0
705,K7lWdNUhCbcnEvI0NhGewg,2014,7,8,8,3.0
706,K7lWdNUhCbcnEvI0NhGewg,2015,6,30,4,3.25
707,K7lWdNUhCbcnEvI0NhGewg,2015,12,1,1,4.0
708,K7lWdNUhCbcnEvI0NhGewg,2015,8,23,2,3.5
709,K7lWdNUhCbcnEvI0NhGewg,2012,8,16,4,4.25
710,K7lWdNUhCbcnEvI0NhGewg,2013,9,1,2,3.0
711,K7lWdNUhCbcnEvI0NhGewg,2011,5,22,1,4.0
712,K7lWdNUhCbcnEvI0NhGewg,2014,11,23,1,4.0
713,K7lWdNUhCbcnEvI0NhGewg,2014,12,13,1,3.0
714,K7lWdNUhCbcnEvI0NhGewg,2013,2,10,1,5.0
715,K7lWdNUhCbcnEvI0NhGewg,2015,9,27,1,4.0
716,K7lWdNUhCbcnEvI0NhGewg,2015,2,17,1,2.0
717,K7lWdNUhCbcnEvI0NhGewg,2011,7,22,4,3.5
718,K7lWdNUhCbcnEvI0NhGewg,2013,2,27,5,3.6
719,K7lWdNUhCbcnEvI0NhGewg,2013,12,23,9,3.7777777777777777
720,K7lWdNUhCbcnEvI0NhGewg,2013,12,7,6,3.6666666666666665
721,K7lWdNUhCbcnEvI0NhGewg,2015,7,30,2,3.5
722,K7lWdNUhCbcnEvI0NhGewg,2016,2,16,3,3.0
723,K7lWdNUhCbcnEvI0NhGewg,2015,4,15,3,2.6666666666666665
724,K7lWdNUhCbcnEvI0NhGewg,2011,4,5,2,4.5
725,K7lWdNUhCbcnEvI0NhGewg,2011,12,21,5,3.2
726,K7lWdNUhCbcnEvI0NhGewg,2015,4,3,4,3.5
727,K7lWdNUhCbcnEvI0NhGewg,2013,3,11,3,4.333333333333333
728,K7lWdNUhCbcnEvI0NhGewg,2013,7,5,3,3.6666666666666665
729,K7lWdNUhCbcnEvI0NhGewg,2014,3,22,2,3.5
730,K7lWdNUhCbcnEvI0NhGewg,2011,1,6,1,5.0
731,K7lWdNUhCbcnEvI0NhGewg,2013,9,2,5,3.4
732,K7lWdNUhCbcnEvI0NhGewg,2013,7,23,2,4.0
733,K7lWdNUhCbcnEvI0NhGewg,2011,4,12,4,4.5
734,K7lWdNUhCbcnEvI0NhGewg,2014,8,5,2,4.0
735,K7lWdNUhCbcnEvI0NhGewg,2011,3,24,1,4.0
736,K7lWdNUhCbcnEvI0NhGewg,2014,7,28,3,2.6666666666666665
737,K7lWdNUhCbcnEvI0NhGewg,2016,11,29,1,3.0
738,K7lWdNUhCbcnEvI0NhGewg,2015,7,26,1,1.0
739,K7lWdNUhCbcnEvI0NhGewg,2014,6,9,4,3.75
740,K7lWdNUhCbcnEvI0NhGewg,2015,4,5,4,3.25
741,K7lWdNUhCbcnEvI0NhGewg,2015,10,25,3,3.6666666666666665
742,K7lWdNUhCbcnEvI0NhGewg,2011,8,6,3,4.0
743,K7lWdNUhCbcnEvI0NhGewg,2013,6,14,4,4.0
744,K7lWdNUhCbcnEvI0NhGewg,2014,12,6,1,2.0
745,K7lWdNUhCbcnEvI0NhGewg,2016,6,2,5,4.2
746,K7lWdNUhCbcnEvI0NhGewg,2011,3,22,2,4.0
747,K7lWdNUhCbcnEvI0NhGewg,2013,11,9,1,5.0
748,K7lWdNUhCbcnEvI0NhGewg,2016,4,26,1,5.0
749,K7lWdNUhCbcnEvI0NhGewg,2017,1,1,2,4.0
750,K7lWdNUhCbcnEvI0NhGewg,2011,10,17,1,4.0
751,K7lWdNUhCbcnEvI0NhGewg,2011,3,29,3,4.0
752,K7lWdNUhCbcnEvI0NhGewg,2015,3,30,3,3.6666666666666665
753,K7lWdNUhCbcnEvI0NhGewg,2011,6,12,1,4.0
754,K7lWdNUhCbcnEvI0NhGewg,2015,9,6,1,4.0
755,K7lWdNUhCbcnEvI0NhGewg,2014,8,16,4,3.5
756,K7lWdNUhCbcnEvI0NhGewg,2012,8,14,8,4.0
757,K7lWdNUhCbcnEvI0NhGewg,2010,12,30,3,4.0
758,K7lWdNUhCbcnEvI0NhGewg,2015,2,22,4,3.75
759,K7lWdNUhCbcnEvI0NhGewg,2011,12,13,5,3.0
760,K7lWdNUhCbcnEvI0NhGewg,2012,4,7,1,5.0
761,K7lWdNUhCbcnEvI0NhGewg,2011,5,11,3,4.666666666666667
762,K7lWdNUhCbcnEvI0NhGewg,2011,3,17,1,4.0
763,K7lWdNUhCbcnEvI0NhGewg,2015,7,16,1,2.0
764,K7lWdNUhCbcnEvI0NhGewg,2011,1,19,2,3.5
765,K7lWdNUhCbcnEvI0NhGewg,2012,9,28,4,4.0
766,K7lWdNUhCbcnEvI0NhGewg,2015,3,25,1,3.0
767,K7lWdNUhCbcnEvI0NhGewg,2014,1,24,2,5.0
768,K7lWdNUhCbcnEvI0NhGewg,2013,4,21,2,3.0
769,K7lWdNUhCbcnEvI0NhGewg,2013,3,4,4,4.0
770,K7lWdNUhCbcnEvI0NhGewg,2014,12,25,4,1.75
771,K7lWdNUhCbcnEvI0NhGewg,2011,5,9,2,3.5
772,K7lWdNUhCbcnEvI0NhGewg,2015,7,13,5,2.6
773,K7lWdNUhCbcnEvI0NhGewg,2011,11,3,2,3.0
774,K7lWdNUhCbcnEvI0NhGewg,2017,1,16,3,3.0
775,K7lWdNUhCbcnEvI0NhGewg,2014,7,5,2,3.5
776,K7lWdNUhCbcnEvI0NhGewg,2016,5,8,1,4.0
777,K7lWdNUhCbcnEvI0NhGewg,2014,10,20,1,3.0
778,K7lWdNUhCbcnEvI0NhGewg,2015,1,5,1,3.0
779,K7lWdNUhCbcnEvI0NhGewg,2011,1,17,1,4.0
780,K7lWdNUhCbcnEvI0NhGewg,2014,6,25,2,5.0
781,K7lWdNUhCbcnEvI0NhGewg,2014,4,8,1,2.0
782,K7lWdNUhCbcnEvI0NhGewg,2013,8,15,1,2.0
783,K7lWdNUhCbcnEvI0NhGewg,2014,9,8,3,3.6666666666666665
784,K7lWdNUhCbcnEvI0NhGewg,2012,2,20,6,2.6666666666666665
785,K7lWdNUhCbcnEvI0NhGewg,2012,1,6,1,4.0
786,K7lWdNUhCbcnEvI0NhGewg,2011,5,10,7,3.857142857142857
787,K7lWdNUhCbcnEvI0NhGewg,2014,8,15,1,3.0
788,K7lWdNUhCbcnEvI0NhGewg,2011,10,3,2,4.5
789,K7lWdNUhCbcnEvI0NhGewg,2013,8,13,5,3.4
790,K7lWdNUhCbcnEvI0NhGewg,2011,1,29,1,3.0
791,K7lWdNUhCbcnEvI0NhGewg,2013,2,25,3,4.0
792,K7lWdNUhCbcnEvI0NhGewg,2011,7,20,1,5.0
793,K7lWdNUhCbcnEvI0NhGewg,2016,2,9,3,3.6666666666666665
794,K7lWdNUhCbcnEvI0NhGewg,2016,1,1,3,3.3333333333333335
795,K7lWdNUhCbcnEvI0NhGewg,2013,12,31,4,3.25
796,K7lWdNUhCbcnEvI0NhGewg,2012,8,20,4,3.25
797,K7lWdNUhCbcnEvI0NhGewg,2013,6,17,3,4.666666666666667
798,K7lWdNUhCbcnEvI0NhGewg,2013,8,22,2,2.5
799,K7lWdNUhCbcnEvI0NhGewg,2013,6,2,3,3.0
800,K7lWdNUhCbcnEvI0NhGewg,2012,11,25,1,3.0
801,K7lWdNUhCbcnEvI0NhGewg,2011,5,5,3,3.6666666666666665
802,K7lWdNUhCbcnEvI0NhGewg,2010,12,18,3,3.6666666666666665
803,K7lWdNUhCbcnEvI0NhGewg,2013,8,20,4,3.75
804,K7lWdNUhCbcnEvI0NhGewg,2016,9,29,1,1.0
805,K7lWdNUhCbcnEvI0NhGewg,2014,3,1,2,4.5
806,K7lWdNUhCbcnEvI0NhGewg,2013,10,6,1,3.0
807,K7lWdNUhCbcnEvI0NhGewg,2015,10,5,2,2.0
808,K7lWdNUhCbcnEvI0NhGewg,2014,10,2,2,2.5
809,K7lWdNUhCbcnEvI0NhGewg,2014,5,15,1,5.0
810,K7lWdNUhCbcnEvI0NhGewg,2011,12,25,4,4.25
811,K7lWdNUhCbcnEvI0NhGewg,2012,8,24,4,3.5
812,K7lWdNUhCbcnEvI0NhGewg,2016,5,13,1,4.0
813,K7lWdNUhCbcnEvI0NhGewg,2015,6,9,2,4.0
814,K7lWdNUhCbcnEvI0NhGewg,2011,7,13,3,4.666666666666667
815,K7lWdNUhCbcnEvI0NhGewg,2012,8,8,4,3.75
816,K7lWdNUhCbcnEvI0NhGewg,2011,2,28,2,4.5
817,K7lWdNUhCbcnEvI0NhGewg,2016,3,15,1,4.0
818,K7lWdNUhCbcnEvI0NhGewg,2017,1,14,2,4.5
819,K7lWdNUhCbcnEvI0NhGewg,2011,8,18,3,3.6666666666666665
820,K7lWdNUhCbcnEvI0NhGewg,2013,11,15,3,3.3333333333333335
821,K7lWdNUhCbcnEvI0NhGewg,2014,12,2,4,4.0
822,K7lWdNUhCbcnEvI0NhGewg,2014,3,9,3,3.3333333333333335
823,K7lWdNUhCbcnEvI0NhGewg,2014,7,14,4,2.75
824,K7lWdNUhCbcnEvI0NhGewg,2016,9,8,3,4.666666666666667
825,K7lWdNUhCbcnEvI0NhGewg,2014,10,11,2,2.0
826,K7lWdNUhCbcnEvI0NhGewg,2014,2,15,6,2.5
827,K7lWdNUhCbcnEvI0NhGewg,2014,1,3,4,3.0
828,K7lWdNUhCbcnEvI0NhGewg,2014,10,12,3,4.0
829,K7lWdNUhCbcnEvI0NhGewg,2013,7,17,1,5.0
830,K7lWdNUhCbcnEvI0NhGewg,2012,12,20,3,4.0
831,K7lWdNUhCbcnEvI0NhGewg,2016,11,23,1,5.0
832,K7lWdNUhCbcnEvI0NhGewg,2013,8,21,2,4.5
833,K7lWdNUhCbcnEvI0NhGewg,2012,9,27,3,4.0
834,K7lWdNUhCbcnEvI0NhGewg,2012,12,26,8,3.5
835,K7lWdNUhCbcnEvI0NhGewg,2012,5,9,2,4.0
836,K7lWdNUhCbcnEvI0NhGewg,2012,10,30,6,3.1666666666666665
837,K7lWdNUhCbcnEvI0NhGewg,2010,12,21,2,4.5
838,K7lWdNUhCbcnEvI0NhGewg,2013,2,3,2,5.0
839,K7lWdNUhCbcnEvI0NhGewg,2015,2,14,1,5.0
840,K7lWdNUhCbcnEvI0NhGewg,2012,2,9,1,3.0
841,K7lWdNUhCbcnEvI0NhGewg,2014,2,27,1,1.0
842,K7lWdNUhCbcnEvI0NhGewg,2014,1,4,4,4.25
843,K7lWdNUhCbcnEvI0NhGewg,2011,12,4,2,3.5
844,K7lWdNUhCbcnEvI0NhGewg,2011,8,9,5,4.0
845,K7lWdNUhCbcnEvI0NhGewg,2012,7,3,4,4.25
846,K7lWdNUhCbcnEvI0NhGewg,2016,5,30,3,3.3333333333333335
847,K7lWdNUhCbcnEvI0NhGewg,2012,1,13,2,1.5
848,K7lWdNUhCbcnEvI0NhGewg,2013,11,27,1,4.0
849,K7lWdNUhCbcnEvI0NhGewg,2015,4,30,1,5.0
850,K7lWdNUhCbcnEvI0NhGewg,2011,2,14,3,4.0
851,K7lWdNUhCbcnEvI0NhGewg,2016,7,28,2,4.0
852,K7lWdNUhCbcnEvI0NhGewg,2014,2,9,2,4.0
853,K7lWdNUhCbcnEvI0NhGewg,2017,1,17,1,4.0
854,K7lWdNUhCbcnEvI0NhGewg,2016,5,31,1,5.0
855,K7lWdNUhCbcnEvI0NhGewg,2013,11,12,4,3.0
856,K7lWdNUhCbcnEvI0NhGewg,2013,3,31,2,3.0
857,K7lWdNUhCbcnEvI0NhGewg,2016,8,1,1,2.0
858,K7lWdNUhCbcnEvI0NhGewg,2014,12,4,2,3.5
859,K7lWdNUhCbcnEvI0NhGewg,2014,5,3,5,4.2
860,K7lWdNUhCbcnEvI0NhGewg,2014,7,23,1,2.0
861,K7lWdNUhCbcnEvI0NhGewg,2016,4,20,1,3.0
862,K7lWdNUhCbcnEvI0NhGewg,2014,1,2,3,3.6666666666666665
863,K7lWdNUhCbcnEvI0NhGewg,2015,4,9,2,4.5
864,K7lWdNUhCbcnEvI0NhGewg,2013,1,14,6,3.1666666666666665
865,K7lWdNUhCbcnEvI0NhGewg,2013,8,27,7,3.7142857142857144
866,K7lWdNUhCbcnEvI0NhGewg,2015,11,14,2,2.5
867,K7lWdNUhCbcnEvI0NhGewg,2012,8,15,3,4.666666666666667
868,K7lWdNUhCbcnEvI0NhGewg,2014,7,3,2,4.0
869,K7lWdNUhCbcnEvI0NhGewg,2013,5,15,2,4.0
870,K7lWdNUhCbcnEvI0NhGewg,2014,11,30,2,3.5
871,K7lWdNUhCbcnEvI0NhGewg,2014,3,27,2,4.5
872,K7lWdNUhCbcnEvI0NhGewg,2011,12,12,3,3.3333333333333335
873,K7lWdNUhCbcnEvI0NhGewg,2011,5,20,2,3.0
874,K7lWdNUhCbcnEvI0NhGewg,2014,12,8,1,3.0
875,K7lWdNUhCbcnEvI0NhGewg,2015,1,15,1,4.0
876,K7lWdNUhCbcnEvI0NhGewg,2014,2,24,4,4.75
877,K7lWdNUhCbcnEvI0NhGewg,2013,3,18,4,4.25
878,K7lWdNUhCbcnEvI0NhGewg,2015,7,25,2,2.0
879,K7lWdNUhCbcnEvI0NhGewg,2013,3,21,1,5.0
880,K7lWdNUhCbcnEvI0NhGewg,2013,12,4,1,5.0
881,K7lWdNUhCbcnEvI0NhGewg,2011,10,14,3,3.6666666666666665
882,K7lWdNUhCbcnEvI0NhGewg,2013,7,22,1,5.0
883,K7lWdNUhCbcnEvI0NhGewg,2016,6,7,1,5.0
884,K7lWdNUhCbcnEvI0NhGewg,2016,3,16,1,3.0
885,K7lWdNUhCbcnEvI0NhGewg,2013,4,12,1,5.0
886,K7lWdNUhCbcnEvI0NhGewg,2012,3,2,1,5.0
887,K7lWdNUhCbcnEvI0NhGewg,2011,12,24,1,4.0
888,K7lWdNUhCbcnEvI0NhGewg,2011,4,8,3,4.333333333333333
889,K7lWdNUhCbcnEvI0NhGewg,2011,5,3,5,4.2
890,K7lWdNUhCbcnEvI0NhGewg,2013,10,2,4,3.75
891,K7lWdNUhCbcnEvI0NhGewg,2015,5,13,1,5.0
892,K7lWdNUhCbcnEvI0NhGewg,2013,3,27,2,5.0
893,K7lWdNUhCbcnEvI0NhGewg,2012,2,12,2,4.5
894,K7lWdNUhCbcnEvI0NhGewg,2014,1,29,2,4.5
895,K7lWdNUhCbcnEvI0NhGewg,2014,9,16,3,3.0
896,K7lWdNUhCbcnEvI0NhGewg,2014,9,25,1,2.0
897,K7lWdNUhCbcnEvI0NhGewg,2014,12,5,1,2.0
898,K7lWdNUhCbcnEvI0NhGewg,2015,9,18,1,4.0
899,K7lWdNUhCbcnEvI0NhGewg,2015,12,14,1,4.0
900,K7lWdNUhCbcnEvI0NhGewg,2014,11,26,3,3.6666666666666665
901,K7lWdNUhCbcnEvI0NhGewg,2016,8,19,1,5.0
902,K7lWdNUhCbcnEvI0NhGewg,2013,6,3,4,4.0
903,K7lWdNUhCbcnEvI0NhGewg,2012,4,23,2,3.5
904,K7lWdNUhCbcnEvI0NhGewg,2012,11,15,2,5.0
905,K7lWdNUhCbcnEvI0NhGewg,2013,8,18,2,2.5
906,K7lWdNUhCbcnEvI0NhGewg,2016,1,31,1,3.0
907,K7lWdNUhCbcnEvI0NhGewg,2012,7,30,2,3.0
908,K7lWdNUhCbcnEvI0NhGewg,2015,11,5,2,5.0
909,K7lWdNUhCbcnEvI0NhGewg,2016,5,26,2,4.5
910,K7lWdNUhCbcnEvI0NhGewg,2016,5,5,1,5.0
911,K7lWdNUhCbcnEvI0NhGewg,2011,7,18,5,3.2
912,K7lWdNUhCbcnEvI0NhGewg,2014,8,13,2,2.5
913,K7lWdNUhCbcnEvI0NhGewg,2012,9,12,3,4.0
914,K7lWdNUhCbcnEvI0NhGewg,2012,5,23,1,2.0
915,K7lWdNUhCbcnEvI0NhGewg,2011,9,27,1,5.0
916,K7lWdNUhCbcnEvI0NhGewg,2015,5,24,3,3.6666666666666665
917,K7lWdNUhCbcnEvI0NhGewg,2012,10,6,4,2.75
918,K7lWdNUhCbcnEvI0NhGewg,2014,9,13,4,4.5
919,K7lWdNUhCbcnEvI0NhGewg,2012,3,31,3,4.0
920,K7lWdNUhCbcnEvI0NhGewg,2014,5,30,1,4.0
921,K7lWdNUhCbcnEvI0NhGewg,2016,3,21,4,4.5
922,K7lWdNUhCbcnEvI0NhGewg,2016,1,29,1,5.0
923,K7lWdNUhCbcnEvI0NhGewg,2011,1,27,2,2.5
924,K7lWdNUhCbcnEvI0NhGewg,2015,12,24,2,4.0
925,K7lWdNUhCbcnEvI0NhGewg,2016,5,1,3,4.0
926,K7lWdNUhCbcnEvI0NhGewg,2017,1,19,3,4.0
927,K7lWdNUhCbcnEvI0NhGewg,2012,7,24,3,4.0
928,K7lWdNUhCbcnEvI0NhGewg,2016,6,29,3,3.6666666666666665
929,K7lWdNUhCbcnEvI0NhGewg,2012,1,9,4,4.5
930,K7lWdNUhCbcnEvI0NhGewg,2014,4,6,3,4.333333333333333
931,K7lWdNUhCbcnEvI0NhGewg,2013,2,16,2,3.5
932,K7lWdNUhCbcnEvI0NhGewg,2016,4,28,2,3.0
933,K7lWdNUhCbcnEvI0NhGewg,2013,9,4,1,5.0
934,K7lWdNUhCbcnEvI0NhGewg,2013,12,18,4,3.75
935,K7lWdNUhCbcnEvI0NhGewg,2011,6,4,1,5.0
936,K7lWdNUhCbcnEvI0NhGewg,2011,9,28,3,5.0
937,K7lWdNUhCbcnEvI0NhGewg,2011,12,22,2,4.5
938,K7lWdNUhCbcnEvI0NhGewg,2016,3,9,1,4.0
939,K7lWdNUhCbcnEvI0NhGewg,2015,2,7,1,1.0
940,K7lWdNUhCbcnEvI0NhGewg,2014,8,17,5,2.4
941,K7lWdNUhCbcnEvI0NhGewg,2011,11,2,5,3.4
942,K7lWdNUhCbcnEvI0NhGewg,2011,9,12,3,3.6666666666666665
943,K7lWdNUhCbcnEvI0NhGewg,2012,9,24,1,5.0
944,K7lWdNUhCbcnEvI0NhGewg,2015,12,15,2,2.5
945,K7lWdNUhCbcnEvI0NhGewg,2014,5,1,2,4.0
946,K7lWdNUhCbcnEvI0NhGewg,2013,5,29,3,4.666666666666667
947,K7lWdNUhCbcnEvI0NhGewg,2011,11,24,1,5.0
948,K7lWdNUhCbcnEvI0NhGewg,2014,8,22,3,3.6666666666666665
949,K7lWdNUhCbcnEvI0NhGewg,2012,10,4,5,4.0
950,K7lWdNUhCbcnEvI0NhGewg,2013,8,29,3,3.6666666666666665
951,K7lWdNUhCbcnEvI0NhGewg,2011,12,23,5,2.4
952,K7lWdNUhCbcnEvI0NhGewg,2016,3,7,5,2.8
953,K7lWdNUhCbcnEvI0NhGewg,2015,3,17,2,4.5
954,K7lWdNUhCbcnEvI0NhGewg,2014,1,9,5,3.2
955,K7lWdNUhCbcnEvI0NhGewg,2013,6,25,2,4.0
956,K7lWdNUhCbcnEvI0NhGewg,2014,6,18,1,4.0
957,K7lWdNUhCbcnEvI0NhGewg,2012,9,8,1,4.0
958,K7lWdNUhCbcnEvI0NhGewg,2017,1,9,1,5.0
959,K7lWdNUhCbcnEvI0NhGewg,2012,4,9,2,4.0
960,K7lWdNUhCbcnEvI0NhGewg,2016,10,14,1,4.0
961,K7lWdNUhCbcnEvI0NhGewg,2014,3,19,1,4.0
962,K7lWdNUhCbcnEvI0NhGewg,2013,11,3,1,5.0
963,K7lWdNUhCbcnEvI0NhGewg,2015,7,3,2,3.0
964,K7lWdNUhCbcnEvI0NhGewg,2011,4,9,1,3.0
965,K7lWdNUhCbcnEvI0NhGewg,2016,8,15,1,5.0
966,K7lWdNUhCbcnEvI0NhGewg,2011,8,19,3,3.0
967,K7lWdNUhCbcnEvI0NhGewg,2015,1,3,3,2.3333333333333335
968,K7lWdNUhCbcnEvI0NhGewg,2015,12,19,5,4.0
969,K7lWdNUhCbcnEvI0NhGewg,2015,5,9,1,5.0
970,K7lWdNUhCbcnEvI0NhGewg,2014,4,30,2,3.5
971,K7lWdNUhCbcnEvI0NhGewg,2011,7,27,6,4.333333333333333
972,K7lWdNUhCbcnEvI0NhGewg,2013,5,7,2,4.5
973,K7lWdNUhCbcnEvI0NhGewg,2016,2,11,2,4.0
974,K7lWdNUhCbcnEvI0NhGewg,2015,8,28,5,3.6
975,K7lWdNUhCbcnEvI0NhGewg,2015,5,1,2,3.5
976,K7lWdNUhCbcnEvI0NhGewg,2012,5,14,2,4.0
977,K7lWdNUhCbcnEvI0NhGewg,2012,2,27,4,3.5
978,K7lWdNUhCbcnEvI0NhGewg,2011,7,29,2,3.0
979,K7lWdNUhCbcnEvI0NhGewg,2016,3,30,3,4.333333333333333
980,K7lWdNUhCbcnEvI0NhGewg,2011,9,22,4,4.25
981,K7lWdNUhCbcnEvI0NhGewg,2013,4,17,2,4.5
982,K7lWdNUhCbcnEvI0NhGewg,2011,9,7,6,4.166666666666667
983,K7lWdNUhCbcnEvI0NhGewg,2011,3,1,3,4.0
984,K7lWdNUhCbcnEvI0NhGewg,2015,6,13,2,4.5
985,K7lWdNUhCbcnEvI0NhGewg,2011,2,21,2,4.5
986,K7lWdNUhCbcnEvI0NhGewg,2013,5,2,3,2.0
987,K7lWdNUhCbcnEvI0NhGewg,2016,3,4,1,5.0
988,K7lWdNUhCbcnEvI0NhGewg,2013,5,14,2,3.5
989,K7lWdNUhCbcnEvI0NhGewg,2012,7,25,2,4.0
990,K7lWdNUhCbcnEvI0NhGewg,2012,8,12,4,2.5
991,K7lWdNUhCbcnEvI0NhGewg,2012,2,22,3,4.0
992,K7lWdNUhCbcnEvI0NhGewg,2016,3,25,4,4.0
993,K7lWdNUhCbcnEvI0NhGewg,2014,4,11,2,4.0
994,K7lWdNUhCbcnEvI0NhGewg,2011,12,30,6,3.5
995,K7lWdNUhCbcnEvI0NhGewg,2014,8,20,7,3.2857142857142856
996,K7lWdNUhCbcnEvI0NhGewg,2013,12,19,2,4.5
997,K7lWdNUhCbcnEvI0NhGewg,2016,5,22,1,4.0
998,K7lWdNUhCbcnEvI0NhGewg,2012,7,20,5,3.4
999,K7lWdNUhCbcnEvI0NhGewg,2015,4,19,2,4.5
1000,K7lWdNUhCbcnEvI0NhGewg,2015,4,20,2,4.0
1001,K7lWdNUhCbcnEvI0NhGewg,2011,12,5,3,5.0
1002,K7lWdNUhCbcnEvI0NhGewg,2013,8,17,1,5.0
1003,K7lWdNUhCbcnEvI0NhGewg,2015,4,25,3,4.333333333333333
1004,K7lWdNUhCbcnEvI0NhGewg,2013,10,12,7,3.142857142857143
1005,K7lWdNUhCbcnEvI0NhGewg,2015,6,15,1,2.0
1006,K7lWdNUhCbcnEvI0NhGewg,2015,6,6,5,3.6
1007,K7lWdNUhCbcnEvI0NhGewg,2014,3,30,4,4.0
1008,K7lWdNUhCbcnEvI0NhGewg,2014,6,5,3,4.333333333333333
1009,K7lWdNUhCbcnEvI0NhGewg,2013,8,6,1,3.0
1010,K7lWdNUhCbcnEvI0NhGewg,2012,9,1,2,3.0
1011,K7lWdNUhCbcnEvI0NhGewg,2014,11,2,1,4.0
1012,K7lWdNUhCbcnEvI0NhGewg,2011,2,22,1,5.0
1013,K7lWdNUhCbcnEvI0NhGewg,2016,8,4,4,3.5
1014,K7lWdNUhCbcnEvI0NhGewg,2016,7,23,2,5.0
1015,K7lWdNUhCbcnEvI0NhGewg,2014,4,1,3,4.0
1016,K7lWdNUhCbcnEvI0NhGewg,2014,4,20,5,3.2
1017,K7lWdNUhCbcnEvI0NhGewg,2012,4,3,2,3.0
1018,K7lWdNUhCbcnEvI0NhGewg,2012,1,28,4,3.0
1019,K7lWdNUhCbcnEvI0NhGewg,2011,8,29,8,4.0
1020,K7lWdNUhCbcnEvI0NhGewg,2012,10,1,3,4.333333333333333
1021,K7lWdNUhCbcnEvI0NhGewg,2016,9,5,3,2.6666666666666665
1022,K7lWdNUhCbcnEvI0NhGewg,2013,5,11,2,4.5
1023,K7lWdNUhCbcnEvI0NhGewg,2015,6,20,3,4.333333333333333
1024,K7lWdNUhCbcnEvI0NhGewg,2015,4,7,2,4.5
1025,K7lWdNUhCbcnEvI0NhGewg,2011,9,3,3,4.0
1026,K7lWdNUhCbcnEvI0NhGewg,2011,9,5,2,3.0
1027,K7lWdNUhCbcnEvI0NhGewg,2014,3,26,4,4.75
1028,K7lWdNUhCbcnEvI0NhGewg,2014,7,16,2,4.0
1029,K7lWdNUhCbcnEvI0NhGewg,2011,3,14,4,4.25
1030,K7lWdNUhCbcnEvI0NhGewg,2016,8,6,2,4.0
1031,K7lWdNUhCbcnEvI0NhGewg,2015,6,25,2,2.5
1032,K7lWdNUhCbcnEvI0NhGewg,2016,12,10,4,4.0
1033,K7lWdNUhCbcnEvI0NhGewg,2011,12,31,3,2.6666666666666665
1034,K7lWdNUhCbcnEvI0NhGewg,2012,12,14,2,3.5
1035,K7lWdNUhCbcnEvI0NhGewg,2015,1,28,2,3.0
1036,K7lWdNUhCbcnEvI0NhGewg,2012,1,7,1,3.0
1037,K7lWdNUhCbcnEvI0NhGewg,2016,6,14,2,4.5
1038,K7lWdNUhCbcnEvI0NhGewg,2015,1,4,3,3.6666666666666665
1039,K7lWdNUhCbcnEvI0NhGewg,2011,7,2,1,4.0
1040,K7lWdNUhCbcnEvI0NhGewg,2014,6,13,3,4.0
1041,K7lWdNUhCbcnEvI0NhGewg,2016,9,24,1,5.0
1042,K7lWdNUhCbcnEvI0NhGewg,2012,10,7,2,5.0
1043,K7lWdNUhCbcnEvI0NhGewg,2012,6,11,2,2.5
1044,K7lWdNUhCbcnEvI0NhGewg,2015,2,10,3,2.0
1045,K7lWdNUhCbcnEvI0NhGewg,2012,8,25,2,3.0
1046,K7lWdNUhCbcnEvI0NhGewg,2011,6,20,3,3.3333333333333335
1047,K7lWdNUhCbcnEvI0NhGewg,2012,6,20,1,3.0
1048,K7lWdNUhCbcnEvI0NhGewg,2013,4,14,1,3.0
1049,K7lWdNUhCbcnEvI0NhGewg,2016,7,19,4,2.75
1050,K7lWdNUhCbcnEvI0NhGewg,2011,5,8,2,2.5
1051,K7lWdNUhCbcnEvI0NhGewg,2016,4,18,1,1.0
1052,K7lWdNUhCbcnEvI0NhGewg,2015,9,11,2,5.0
1053,K7lWdNUhCbcnEvI0NhGewg,2016,7,27,1,5.0
1054,K7lWdNUhCbcnEvI0NhGewg,2016,1,8,2,3.5
1055,K7lWdNUhCbcnEvI0NhGewg,2014,5,17,2,4.0
1056,K7lWdNUhCbcnEvI0NhGewg,2016,5,17,2,4.0
1057,K7lWdNUhCbcnEvI0NhGewg,2016,8,27,3,3.6666666666666665
1058,K7lWdNUhCbcnEvI0NhGewg,2016,3,22,3,4.666666666666667
1059,K7lWdNUhCbcnEvI0NhGewg,2016,4,21,1,5.0
1060,K7lWdNUhCbcnEvI0NhGewg,2013,4,6,2,4.5
1061,K7lWdNUhCbcnEvI0NhGewg,2015,10,7,1,4.0
1062,K7lWdNUhCbcnEvI0NhGewg,2014,11,20,4,3.0
1063,K7lWdNUhCbcnEvI0NhGewg,2015,3,2,2,3.5
1064,K7lWdNUhCbcnEvI0NhGewg,2012,11,9,3,2.6666666666666665
1065,K7lWdNUhCbcnEvI0NhGewg,2015,10,19,1,1.0
1066,K7lWdNUhCbcnEvI0NhGewg,2011,5,31,5,3.6
1067,K7lWdNUhCbcnEvI0NhGewg,2011,6,30,3,3.6666666666666665
1068,K7lWdNUhCbcnEvI0NhGewg,2015,7,29,2,5.0
1069,K7lWdNUhCbcnEvI0NhGewg,2012,6,15,3,4.0
1070,K7lWdNUhCbcnEvI0NhGewg,2012,4,19,2,3.5
1071,K7lWdNUhCbcnEvI0NhGewg,2014,5,16,1,5.0
1072,K7lWdNUhCbcnEvI0NhGewg,2014,6,12,1,3.0
1073,K7lWdNUhCbcnEvI0NhGewg,2017,1,8,2,2.0
1074,K7lWdNUhCbcnEvI0NhGewg,2011,7,31,4,4.0
1075,K7lWdNUhCbcnEvI0NhGewg,2014,7,26,1,1.0
1076,K7lWdNUhCbcnEvI0NhGewg,2014,3,15,2,3.5
1077,K7lWdNUhCbcnEvI0NhGewg,2013,6,9,1,4.0
1078,K7lWdNUhCbcnEvI0NhGewg,2015,10,9,1,1.0
1079,K7lWdNUhCbcnEvI0NhGewg,2013,4,11,6,3.1666666666666665
1080,K7lWdNUhCbcnEvI0NhGewg,2011,9,9,4,4.0
1081,K7lWdNUhCbcnEvI0NhGewg,2012,11,23,2,3.5
1082,K7lWdNUhCbcnEvI0NhGewg,2013,6,18,3,4.333333333333333
1083,K7lWdNUhCbcnEvI0NhGewg,2015,2,26,1,4.0
1084,K7lWdNUhCbcnEvI0NhGewg,2012,6,30,3,3.3333333333333335
1085,K7lWdNUhCbcnEvI0NhGewg,2013,12,16,3,3.6666666666666665
1086,K7lWdNUhCbcnEvI0NhGewg,2011,5,4,3,4.666666666666667
1087,K7lWdNUhCbcnEvI0NhGewg,2013,9,30,4,3.75
1088,K7lWdNUhCbcnEvI0NhGewg,2013,1,4,4,4.0
1089,K7lWdNUhCbcnEvI0NhGewg,2012,5,2,1,4.0
1090,K7lWdNUhCbcnEvI0NhGewg,2016,12,3,2,4.0
1091,K7lWdNUhCbcnEvI0NhGewg,2014,10,23,2,3.5
1092,K7lWdNUhCbcnEvI0NhGewg,2016,12,31,2,5.0
1093,K7lWdNUhCbcnEvI0NhGewg,2013,3,30,2,3.0
1094,K7lWdNUhCbcnEvI0NhGewg,2013,10,25,2,4.5
1095,K7lWdNUhCbcnEvI0NhGewg,2014,5,7,2,2.5
1096,K7lWdNUhCbcnEvI0NhGewg,2012,8,4,2,3.5
1097,K7lWdNUhCbcnEvI0NhGewg,2016,7,26,2,2.5
1098,K7lWdNUhCbcnEvI0NhGewg,2012,11,24,3,5.0
1099,K7lWdNUhCbcnEvI0NhGewg,2012,6,21,3,4.0
1100,K7lWdNUhCbcnEvI0NhGewg,2016,6,28,1,1.0
1101,K7lWdNUhCbcnEvI0NhGewg,2011,8,26,3,3.6666666666666665
1102,K7lWdNUhCbcnEvI0NhGewg,2014,4,27,4,4.25
1103,K7lWdNUhCbcnEvI0NhGewg,2016,6,30,1,4.0
1104,K7lWdNUhCbcnEvI0NhGewg,2012,6,17,3,4.0
1105,K7lWdNUhCbcnEvI0NhGewg,2016,7,20,3,2.0
1106,K7lWdNUhCbcnEvI0NhGewg,2012,6,22,4,4.25
1107,K7lWdNUhCbcnEvI0NhGewg,2012,10,10,3,4.666666666666667
1108,K7lWdNUhCbcnEvI0NhGewg,2016,3,19,5,2.8
1109,K7lWdNUhCbcnEvI0NhGewg,2011,3,4,2,5.0
1110,K7lWdNUhCbcnEvI0NhGewg,2013,5,1,2,3.5
1111,K7lWdNUhCbcnEvI0NhGewg,2014,4,19,1,3.0
1112,K7lWdNUhCbcnEvI0NhGewg,2011,1,18,5,3.8
1113,K7lWdNUhCbcnEvI0NhGewg,2013,12,30,6,3.5
1114,K7lWdNUhCbcnEvI0NhGewg,2013,9,11,1,4.0
1115,K7lWdNUhCbcnEvI0NhGewg,2012,12,2,1,5.0
1116,K7lWdNUhCbcnEvI0NhGewg,2015,9,21,2,3.5
1117,K7lWdNUhCbcnEvI0NhGewg,2016,9,11,1,5.0
1118,K7lWdNUhCbcnEvI0NhGewg,2015,6,5,3,4.0
1119,K7lWdNUhCbcnEvI0NhGewg,2014,9,9,1,3.0
1120,K7lWdNUhCbcnEvI0NhGewg,2015,1,12,2,4.0
1121,K7lWdNUhCbcnEvI0NhGewg,2012,4,17,3,3.0
1122,K7lWdNUhCbcnEvI0NhGewg,2011,4,25,4,4.5
1123,K7lWdNUhCbcnEvI0NhGewg,2012,7,8,3,4.666666666666667
1124,K7lWdNUhCbcnEvI0NhGewg,2013,5,9,5,3.0
1125,K7lWdNUhCbcnEvI0NhGewg,2011,7,5,6,3.0
1126,K7lWdNUhCbcnEvI0NhGewg,2012,6,8,2,3.5
1127,K7lWdNUhCbcnEvI0NhGewg,2015,7,6,4,4.25
1128,K7lWdNUhCbcnEvI0NhGewg,2011,8,8,5,3.6
1129,K7lWdNUhCbcnEvI0NhGewg,2013,6,5,4,4.0
1130,K7lWdNUhCbcnEvI0NhGewg,2013,3,17,2,5.0
1131,K7lWdNUhCbcnEvI0NhGewg,2014,5,6,3,4.333333333333333
1132,K7lWdNUhCbcnEvI0NhGewg,2012,10,19,1,5.0
1133,K7lWdNUhCbcnEvI0NhGewg,2015,12,29,3,3.6666666666666665
1134,K7lWdNUhCbcnEvI0NhGewg,2012,3,3,5,3.0
1135,K7lWdNUhCbcnEvI0NhGewg,2015,10,29,1,5.0
1136,K7lWdNUhCbcnEvI0NhGewg,2013,2,1,1,4.0
1137,K7lWdNUhCbcnEvI0NhGewg,2012,7,10,4,3.75
1138,K7lWdNUhCbcnEvI0NhGewg,2011,6,27,3,3.3333333333333335
1139,K7lWdNUhCbcnEvI0NhGewg,2011,6,26,3,3.6666666666666665
1140,K7lWdNUhCbcnEvI0NhGewg,2011,7,6,7,4.285714285714286
1141,K7lWdNUhCbcnEvI0NhGewg,2012,4,11,2,1.5
1142,K7lWdNUhCbcnEvI0NhGewg,2016,1,11,2,4.0
1143,K7lWdNUhCbcnEvI0NhGewg,2012,7,1,3,3.0
1144,K7lWdNUhCbcnEvI0NhGewg,2015,4,11,1,5.0
1145,K7lWdNUhCbcnEvI0NhGewg,2011,4,23,1,5.0
1146,K7lWdNUhCbcnEvI0NhGewg,2011,4,6,1,5.0
1147,K7lWdNUhCbcnEvI0NhGewg,2015,6,11,3,2.3333333333333335
1148,K7lWdNUhCbcnEvI0NhGewg,2016,1,17,5,4.0
1149,K7lWdNUhCbcnEvI0NhGewg,2011,12,28,9,3.4444444444444446
1150,K7lWdNUhCbcnEvI0NhGewg,2014,10,21,3,4.333333333333333
1151,K7lWdNUhCbcnEvI0NhGewg,2014,1,16,2,1.0
1152,K7lWdNUhCbcnEvI0NhGewg,2012,3,22,3,4.0
1153,K7lWdNUhCbcnEvI0NhGewg,2015,3,31,2,4.0
1154,K7lWdNUhCbcnEvI0NhGewg,2011,7,26,4,5.0
1155,K7lWdNUhCbcnEvI0NhGewg,2014,4,18,2,2.0
1156,K7lWdNUhCbcnEvI0NhGewg,2012,12,8,1,3.0
1157,K7lWdNUhCbcnEvI0NhGewg,2014,4,23,5,3.8
1158,K7lWdNUhCbcnEvI0NhGewg,2013,12,12,4,3.0
1159,K7lWdNUhCbcnEvI0NhGewg,2015,7,1,5,4.0
1160,K7lWdNUhCbcnEvI0NhGewg,2012,10,31,1,5.0
1161,K7lWdNUhCbcnEvI0NhGewg,2016,7,4,2,3.0
1162,K7lWdNUhCbcnEvI0NhGewg,2012,1,18,1,4.0
1163,K7lWdNUhCbcnEvI0NhGewg,2014,4,25,3,3.0
1164,K7lWdNUhCbcnEvI0NhGewg,2016,9,13,1,5.0
1165,K7lWdNUhCbcnEvI0NhGewg,2015,5,11,3,3.3333333333333335
1166,K7lWdNUhCbcnEvI0NhGewg,2012,3,17,3,3.6666666666666665
1167,K7lWdNUhCbcnEvI0NhGewg,2011,3,7,2,1.0
1168,K7lWdNUhCbcnEvI0NhGewg,2013,7,18,4,4.25
1169,K7lWdNUhCbcnEvI0NhGewg,2016,12,22,5,3.8
1170,K7lWdNUhCbcnEvI0NhGewg,2013,6,22,1,5.0
1171,K7lWdNUhCbcnEvI0NhGewg,2012,11,10,3,2.0
1172,K7lWdNUhCbcnEvI0NhGewg,2011,6,18,1,3.0
1173,K7lWdNUhCbcnEvI0NhGewg,2013,1,24,1,3.0
1174,K7lWdNUhCbcnEvI0NhGewg,2011,8,7,1,4.0
1175,K7lWdNUhCbcnEvI0NhGewg,2012,9,4,10,3.7
1176,K7lWdNUhCbcnEvI0NhGewg,2016,7,21,1,4.0
1177,K7lWdNUhCbcnEvI0NhGewg,2014,2,8,3,2.6666666666666665
1178,K7lWdNUhCbcnEvI0NhGewg,2013,10,3,3,2.6666666666666665
1179,K7lWdNUhCbcnEvI0NhGewg,2016,10,23,2,4.0
1180,K7lWdNUhCbcnEvI0NhGewg,2016,3,12,2,3.5
1181,K7lWdNUhCbcnEvI0NhGewg,2011,5,16,1,4.0
1182,K7lWdNUhCbcnEvI0NhGewg,2012,7,29,1,3.0
1183,K7lWdNUhCbcnEvI0NhGewg,2011,10,16,1,1.0
1184,K7lWdNUhCbcnEvI0NhGewg,2014,9,10,3,4.0
1185,K7lWdNUhCbcnEvI0NhGewg,2016,8,17,2,3.5
1186,K7lWdNUhCbcnEvI0NhGewg,2010,12,23,2,3.0
1187,K7lWdNUhCbcnEvI0NhGewg,2016,7,13,4,3.25
1188,K7lWdNUhCbcnEvI0NhGewg,2015,5,12,3,4.333333333333333
1189,K7lWdNUhCbcnEvI0NhGewg,2012,8,23,3,4.0
1190,K7lWdNUhCbcnEvI0NhGewg,2013,2,14,3,4.666666666666667
1191,K7lWdNUhCbcnEvI0NhGewg,2012,5,13,3,3.0
1192,K7lWdNUhCbcnEvI0NhGewg,2016,1,28,2,5.0
1193,K7lWdNUhCbcnEvI0NhGewg,2014,8,11,2,3.0
1194,K7lWdNUhCbcnEvI0NhGewg,2016,10,26,1,3.0
1195,K7lWdNUhCbcnEvI0NhGewg,2013,8,31,1,5.0
1196,K7lWdNUhCbcnEvI0NhGewg,2016,11,4,1,5.0
1197,K7lWdNUhCbcnEvI0NhGewg,2012,10,13,3,4.666666666666667
1198,K7lWdNUhCbcnEvI0NhGewg,2015,7,15,2,3.0
1199,K7lWdNUhCbcnEvI0NhGewg,2012,11,11,3,3.3333333333333335
1200,K7lWdNUhCbcnEvI0NhGewg,2014,10,8,2,3.0
1201,K7lWdNUhCbcnEvI0NhGewg,2013,8,24,2,4.5
1202,K7lWdNUhCbcnEvI0NhGewg,2015,3,24,2,4.0
1203,K7lWdNUhCbcnEvI0NhGewg,2015,6,19,2,4.5
1204,K7lWdNUhCbcnEvI0NhGewg,2014,7,2,2,3.5
1205,K7lWdNUhCbcnEvI0NhGewg,2014,9,20,1,3.0
1206,K7lWdNUhCbcnEvI0NhGewg,2015,1,18,1,4.0
1207,K7lWdNUhCbcnEvI0NhGewg,2015,3,29,3,3.6666666666666665
1208,K7lWdNUhCbcnEvI0NhGewg,2015,10,2,2,3.5
1209,K7lWdNUhCbcnEvI0NhGewg,2014,12,11,2,4.0
1210,K7lWdNUhCbcnEvI0NhGewg,2010,12,27,3,4.0
1211,K7lWdNUhCbcnEvI0NhGewg,2011,6,7,1,4.0
1212,K7lWdNUhCbcnEvI0NhGewg,2013,8,8,1,5.0
1213,K7lWdNUhCbcnEvI0NhGewg,2016,12,28,1,4.0
1214,K7lWdNUhCbcnEvI0NhGewg,2016,3,18,4,4.0
1215,K7lWdNUhCbcnEvI0NhGewg,2013,1,2,3,4.0
1216,K7lWdNUhCbcnEvI0NhGewg,2016,1,12,1,5.0
1217,K7lWdNUhCbcnEvI0NhGewg,2011,2,7,2,4.5
1218,K7lWdNUhCbcnEvI0NhGewg,2011,9,17,1,4.0
1219,K7lWdNUhCbcnEvI0NhGewg,2016,11,24,2,4.5
1220,K7lWdNUhCbcnEvI0NhGewg,2015,1,22,4,4.25
1221,K7lWdNUhCbcnEvI0NhGewg,2013,4,4,2,4.0
1222,K7lWdNUhCbcnEvI0NhGewg,2012,11,26,4,2.75
1223,K7lWdNUhCbcnEvI0NhGewg,2015,4,13,1,4.0
1224,K7lWdNUhCbcnEvI0NhGewg,2014,1,6,2,3.0
1225,K7lWdNUhCbcnEvI0NhGewg,2015,9,28,4,5.0
1226,K7lWdNUhCbcnEvI0NhGewg,2012,1,31,5,4.0
1227,K7lWdNUhCbcnEvI0NhGewg,2012,7,27,2,3.5
1228,K7lWdNUhCbcnEvI0NhGewg,2015,9,4,4,4.5
1229,K7lWdNUhCbcnEvI0NhGewg,2014,2,5,2,4.0
1230,K7lWdNUhCbcnEvI0NhGewg,2012,1,14,3,2.3333333333333335
1231,K7lWdNUhCbcnEvI0NhGewg,2012,2,16,1,4.0
1232,K7lWdNUhCbcnEvI0NhGewg,2015,5,25,4,2.5
1233,K7lWdNUhCbcnEvI0NhGewg,2012,12,27,4,3.25
1234,K7lWdNUhCbcnEvI0NhGewg,2013,8,23,2,2.5
1235,K7lWdNUhCbcnEvI0NhGewg,2015,10,23,3,4.0
1236,K7lWdNUhCbcnEvI0NhGewg,2015,2,18,1,5.0
1237,K7lWdNUhCbcnEvI0NhGewg,2012,12,7,4,3.75
1238,K7lWdNUhCbcnEvI0NhGewg,2014,5,26,2,3.5
1239,K7lWdNUhCbcnEvI0NhGewg,2013,7,19,1,4.0
1240,K7lWdNUhCbcnEvI0NhGewg,2015,2,19,3,4.0
1241,K7lWdNUhCbcnEvI0NhGewg,2012,6,3,3,4.333333333333333
1242,K7lWdNUhCbcnEvI0NhGewg,2013,4,1,4,4.5
1243,K7lWdNUhCbcnEvI0NhGewg,2012,2,28,6,2.8333333333333335
1244,K7lWdNUhCbcnEvI0NhGewg,2012,3,15,1,4.0
1245,K7lWdNUhCbcnEvI0NhGewg,2016,6,17,2,4.5
1246,K7lWdNUhCbcnEvI0NhGewg,2013,5,26,2,4.0
1247,K7lWdNUhCbcnEvI0NhGewg,2011,8,23,4,4.25
1248,K7lWdNUhCbcnEvI0NhGewg,2014,7,6,3,2.6666666666666665
1249,K7lWdNUhCbcnEvI0NhGewg,2011,12,20,1,4.0
1250,K7lWdNUhCbcnEvI0NhGewg,2016,11,22,3,2.6666666666666665
1251,K7lWdNUhCbcnEvI0NhGewg,2016,10,25,2,4.5
1252,K7lWdNUhCbcnEvI0NhGewg,2011,10,24,2,3.5
1253,K7lWdNUhCbcnEvI0NhGewg,2014,11,24,1,3.0
1254,K7lWdNUhCbcnEvI0NhGewg,2012,2,14,1,1.0
1255,K7lWdNUhCbcnEvI0NhGewg,2011,7,9,2,3.5
1256,K7lWdNUhCbcnEvI0NhGewg,2013,1,15,4,4.25
1257,K7lWdNUhCbcnEvI0NhGewg,2016,12,25,3,3.0
1258,K7lWdNUhCbcnEvI0NhGewg,2015,3,28,3,3.6666666666666665
1259,K7lWdNUhCbcnEvI0NhGewg,2011,9,30,1,3.0
1260,K7lWdNUhCbcnEvI0NhGewg,2014,9,7,4,3.5
1261,K7lWdNUhCbcnEvI0NhGewg,2015,6,2,2,4.5
1262,K7lWdNUhCbcnEvI0NhGewg,2014,7,27,3,3.0
1263,K7lWdNUhCbcnEvI0NhGewg,2011,5,30,3,3.3333333333333335
1264,K7lWdNUhCbcnEvI0NhGewg,2014,7,12,1,3.0
1265,K7lWdNUhCbcnEvI0NhGewg,2012,8,9,4,3.5
1266,K7lWdNUhCbcnEvI0NhGewg,2012,9,2,1,5.0
1267,K7lWdNUhCbcnEvI0NhGewg,2014,6,7,2,5.0
1268,K7lWdNUhCbcnEvI0NhGewg,2011,3,28,2,4.0
1269,K7lWdNUhCbcnEvI0NhGewg,2016,2,2,2,3.5
1270,K7lWdNUhCbcnEvI0NhGewg,2016,12,20,5,2.6
1271,K7lWdNUhCbcnEvI0NhGewg,2012,10,5,2,4.0
1272,K7lWdNUhCbcnEvI0NhGewg,2015,1,13,3,3.0
1273,K7lWdNUhCbcnEvI0NhGewg,2014,2,4,3,3.6666666666666665
1274,K7lWdNUhCbcnEvI0NhGewg,2015,3,4,2,4.5
1275,K7lWdNUhCbcnEvI0NhGewg,2012,5,4,1,4.0
1276,K7lWdNUhCbcnEvI0NhGewg,2011,8,12,3,4.666666666666667
1277,K7lWdNUhCbcnEvI0NhGewg,2011,1,20,3,4.333333333333333
1278,K7lWdNUhCbcnEvI0NhGewg,2012,12,6,3,3.6666666666666665
1279,K7lWdNUhCbcnEvI0NhGewg,2012,11,16,2,4.5
1280,K7lWdNUhCbcnEvI0NhGewg,2014,6,26,2,2.5
1281,K7lWdNUhCbcnEvI0NhGewg,2014,2,19,2,3.0
1282,K7lWdNUhCbcnEvI0NhGewg,2014,3,6,3,3.0
1283,K7lWdNUhCbcnEvI0NhGewg,2012,1,17,5,4.2
1284,K7lWdNUhCbcnEvI0NhGewg,2012,10,15,3,4.333333333333333
1285,K7lWdNUhCbcnEvI0NhGewg,2012,10,8,3,4.666666666666667
1286,K7lWdNUhCbcnEvI0NhGewg,2016,8,23,1,2.0
1287,K7lWdNUhCbcnEvI0NhGewg,2014,3,12,5,4.6
1288,K7lWdNUhCbcnEvI0NhGewg,2015,5,20,4,3.0
1289,K7lWdNUhCbcnEvI0NhGewg,2015,5,26,4,3.0
1290,K7lWdNUhCbcnEvI0NhGewg,2015,11,18,3,4.666666666666667
1291,K7lWdNUhCbcnEvI0NhGewg,2016,10,4,1,3.0
1292,K7lWdNUhCbcnEvI0NhGewg,2016,10,13,1,4.0
1293,K7lWdNUhCbcnEvI0NhGewg,2015,3,26,1,4.0
1294,K7lWdNUhCbcnEvI0NhGewg,2014,10,7,1,2.0
1295,K7lWdNUhCbcnEvI0NhGewg,2015,11,17,4,4.25
1296,K7lWdNUhCbcnEvI0NhGewg,2016,12,14,2,4.0
1297,K7lWdNUhCbcnEvI0NhGewg,2012,8,11,1,3.0
1298,K7lWdNUhCbcnEvI0NhGewg,2012,3,27,5,2.8
1299,K7lWdNUhCbcnEvI0NhGewg,2014,3,14,5,4.2
1300,K7lWdNUhCbcnEvI0NhGewg,2016,5,6,4,4.5
1301,K7lWdNUhCbcnEvI0NhGewg,2012,2,19,7,4.0
1302,K7lWdNUhCbcnEvI0NhGewg,2014,6,29,1,4.0
1303,K7lWdNUhCbcnEvI0NhGewg,2015,7,5,2,3.0
1304,K7lWdNUhCbcnEvI0NhGewg,2011,4,20,3,5.0
1305,K7lWdNUhCbcnEvI0NhGewg,2011,1,2,3,4.333333333333333
1306,K7lWdNUhCbcnEvI0NhGewg,2012,8,13,2,3.5
1307,K7lWdNUhCbcnEvI0NhGewg,2016,6,6,1,5.0
1308,K7lWdNUhCbcnEvI0NhGewg,2014,9,21,1,3.0
1309,K7lWdNUhCbcnEvI0NhGewg,2012,12,4,1,2.0
1310,K7lWdNUhCbcnEvI0NhGewg,2013,9,26,1,2.0
1311,K7lWdNUhCbcnEvI0NhGewg,2012,5,27,1,5.0
1312,K7lWdNUhCbcnEvI0NhGewg,2014,11,4,4,3.5
1313,K7lWdNUhCbcnEvI0NhGewg,2011,9,4,2,4.0
1314,K7lWdNUhCbcnEvI0NhGewg,2013,4,23,3,3.3333333333333335
1315,K7lWdNUhCbcnEvI0NhGewg,2013,6,13,2,4.5
1316,K7lWdNUhCbcnEvI0NhGewg,2016,12,7,2,3.5
1317,K7lWdNUhCbcnEvI0NhGewg,2012,5,21,1,4.0
1318,K7lWdNUhCbcnEvI0NhGewg,2016,8,14,3,3.6666666666666665
1319,K7lWdNUhCbcnEvI0NhGewg,2013,10,24,2,4.5
1320,K7lWdNUhCbcnEvI0NhGewg,2016,10,29,2,3.5
1321,K7lWdNUhCbcnEvI0NhGewg,2016,4,2,1,3.0
1322,K7lWdNUhCbcnEvI0NhGewg,2016,12,4,1,3.0
1323,K7lWdNUhCbcnEvI0NhGewg,2011,10,6,1,4.0
1324,K7lWdNUhCbcnEvI0NhGewg,2016,1,19,1,3.0
1325,K7lWdNUhCbcnEvI0NhGewg,2011,11,7,2,3.5
1326,K7lWdNUhCbcnEvI0NhGewg,2012,6,1,3,4.333333333333333
1327,K7lWdNUhCbcnEvI0NhGewg,2016,4,23,2,3.5
1328,K7lWdNUhCbcnEvI0NhGewg,2015,6,22,1,2.0
1329,K7lWdNUhCbcnEvI0NhGewg,2014,4,2,2,4.5
1330,K7lWdNUhCbcnEvI0NhGewg,2012,2,1,3,4.333333333333333
1331,K7lWdNUhCbcnEvI0NhGewg,2016,5,18,2,1.0
1332,K7lWdNUhCbcnEvI0NhGewg,2013,3,29,3,3.3333333333333335
1333,K7lWdNUhCbcnEvI0NhGewg,2013,10,29,2,5.0
1334,K7lWdNUhCbcnEvI0NhGewg,2011,4,14,2,5.0
1335,K7lWdNUhCbcnEvI0NhGewg,2011,10,20,1,5.0
1336,K7lWdNUhCbcnEvI0NhGewg,2011,4,1,1,3.0
1337,K7lWdNUhCbcnEvI0NhGewg,2014,6,6,1,1.0
1338,K7lWdNUhCbcnEvI0NhGewg,2012,2,10,2,5.0
1339,K7lWdNUhCbcnEvI0NhGewg,2016,2,15,6,3.0
1340,K7lWdNUhCbcnEvI0NhGewg,2015,11,10,3,2.3333333333333335
1341,K7lWdNUhCbcnEvI0NhGewg,2016,12,1,1,3.0
1342,K7lWdNUhCbcnEvI0NhGewg,2014,7,25,1,3.0
1343,K7lWdNUhCbcnEvI0NhGewg,2011,12,7,1,1.0
1344,K7lWdNUhCbcnEvI0NhGewg,2015,9,24,1,5.0
1345,K7lWdNUhCbcnEvI0NhGewg,2013,1,25,1,5.0
1346,K7lWdNUhCbcnEvI0NhGewg,2012,12,18,4,3.25
1347,K7lWdNUhCbcnEvI0NhGewg,2014,2,17,3,1.6666666666666667
1348,K7lWdNUhCbcnEvI0NhGewg,2015,9,8,2,3.0
1349,K7lWdNUhCbcnEvI0NhGewg,2014,10,14,5,4.0
1350,K7lWdNUhCbcnEvI0NhGewg,2016,10,11,1,5.0
1351,K7lWdNUhCbcnEvI0NhGewg,2015,11,2,5,4.0
1352,K7lWdNUhCbcnEvI0NhGewg,2016,3,29,2,1.5
1353,K7lWdNUhCbcnEvI0NhGewg,2014,5,11,3,3.6666666666666665
1354,K7lWdNUhCbcnEvI0NhGewg,2016,5,24,4,4.5
1355,K7lWdNUhCbcnEvI0NhGewg,2015,12,22,4,2.5
1356,K7lWdNUhCbcnEvI0NhGewg,2011,10,12,3,4.0
1357,K7lWdNUhCbcnEvI0NhGewg,2013,1,31,2,3.0
1358,K7lWdNUhCbcnEvI0NhGewg,2016,5,7,3,4.333333333333333
1359,K7lWdNUhCbcnEvI0NhGewg,2013,1,10,2,5.0
1360,K7lWdNUhCbcnEvI0NhGewg,2014,11,25,2,4.5
1361,K7lWdNUhCbcnEvI0NhGewg,2014,5,29,2,4.0
1362,K7lWdNUhCbcnEvI0NhGewg,2012,10,9,4,4.25
1363,K7lWdNUhCbcnEvI0NhGewg,2012,7,23,1,4.0
1364,K7lWdNUhCbcnEvI0NhGewg,2011,7,16,1,5.0
1365,K7lWdNUhCbcnEvI0NhGewg,2011,7,15,1,5.0
1366,K7lWdNUhCbcnEvI0NhGewg,2012,7,9,5,3.6
1367,K7lWdNUhCbcnEvI0NhGewg,2012,9,25,3,4.333333333333333
1368,K7lWdNUhCbcnEvI0NhGewg,2015,8,4,3,4.0
1369,K7lWdNUhCbcnEvI0NhGewg,2012,1,20,5,3.4
1370,K7lWdNUhCbcnEvI0NhGewg,2011,9,19,3,3.6666666666666665
1371,K7lWdNUhCbcnEvI0NhGewg,2011,9,16,1,5.0
1372,K7lWdNUhCbcnEvI0NhGewg,2015,9,9,2,4.0
1373,K7lWdNUhCbcnEvI0NhGewg,2014,9,2,3,4.0
1374,K7lWdNUhCbcnEvI0NhGewg,2016,10,7,1,3.0
1375,K7lWdNUhCbcnEvI0NhGewg,2015,3,5,2,4.0
1376,K7lWdNUhCbcnEvI0NhGewg,2011,6,16,1,4.0
1377,K7lWdNUhCbcnEvI0NhGewg,2015,8,19,1,2.0
1378,K7lWdNUhCbcnEvI0NhGewg,2014,11,6,1,5.0
1379,K7lWdNUhCbcnEvI0NhGewg,2012,6,27,5,3.4
1380,K7lWdNUhCbcnEvI0NhGewg,2016,5,10,3,3.3333333333333335
1381,K7lWdNUhCbcnEvI0NhGewg,2014,2,23,5,3.2
1382,K7lWdNUhCbcnEvI0NhGewg,2016,10,17,1,4.0
1383,K7lWdNUhCbcnEvI0NhGewg,2013,1,28,5,3.6
1384,K7lWdNUhCbcnEvI0NhGewg,2011,5,13,2,4.5
1385,K7lWdNUhCbcnEvI0NhGewg,2015,6,29,3,4.666666666666667
1386,K7lWdNUhCbcnEvI0NhGewg,2012,3,5,1,5.0
1387,K7lWdNUhCbcnEvI0NhGewg,2014,2,13,3,5.0
1388,K7lWdNUhCbcnEvI0NhGewg,2011,10,30,2,3.5
1389,K7lWdNUhCbcnEvI0NhGewg,2011,2,5,1,4.0
1390,K7lWdNUhCbcnEvI0NhGewg,2013,12,5,4,4.0
1391,K7lWdNUhCbcnEvI0NhGewg,2015,5,5,2,3.5
1392,K7lWdNUhCbcnEvI0NhGewg,2015,8,26,2,4.5
1393,K7lWdNUhCbcnEvI0NhGewg,2012,7,21,4,4.0
1394,K7lWdNUhCbcnEvI0NhGewg,2012,12,22,1,3.0
1395,K7lWdNUhCbcnEvI0NhGewg,2013,2,26,3,4.0
1396,K7lWdNUhCbcnEvI0NhGewg,2011,4,11,5,3.6
1397,K7lWdNUhCbcnEvI0NhGewg,2014,1,17,2,5.0
1398,K7lWdNUhCbcnEvI0NhGewg,2016,1,4,5,3.6
1399,K7lWdNUhCbcnEvI0NhGewg,2011,6,5,1,5.0
1400,K7lWdNUhCbcnEvI0NhGewg,2014,1,19,2,5.0
1401,K7lWdNUhCbcnEvI0NhGewg,2016,6,21,1,5.0
1402,K7lWdNUhCbcnEvI0NhGewg,2015,1,11,4,3.75
1403,K7lWdNUhCbcnEvI0NhGewg,2013,10,30,2,3.0
1404,K7lWdNUhCbcnEvI0NhGewg,2015,9,1,3,4.0
1405,K7lWdNUhCbcnEvI0NhGewg,2016,1,16,2,4.5
1406,K7lWdNUhCbcnEvI0NhGewg,2012,6,16,1,5.0
1407,K7lWdNUhCbcnEvI0NhGewg,2015,8,22,6,3.6666666666666665
1408,K7lWdNUhCbcnEvI0NhGewg,2015,6,18,2,4.5
1409,K7lWdNUhCbcnEvI0NhGewg,2012,12,11,5,4.6
1410,K7lWdNUhCbcnEvI0NhGewg,2015,8,30,3,3.6666666666666665
1411,K7lWdNUhCbcnEvI0NhGewg,2016,5,3,3,4.333333333333333
1412,K7lWdNUhCbcnEvI0NhGewg,2013,3,14,4,4.5
1413,K7lWdNUhCbcnEvI0NhGewg,2016,2,14,4,2.75
1414,K7lWdNUhCbcnEvI0NhGewg,2010,12,25,1,3.0
1415,K7lWdNUhCbcnEvI0NhGewg,2013,6,19,3,4.666666666666667
1416,K7lWdNUhCbcnEvI0NhGewg,2016,7,5,3,2.6666666666666665
1417,K7lWdNUhCbcnEvI0NhGewg,2015,2,5,1,4.0
1418,K7lWdNUhCbcnEvI0NhGewg,2013,11,14,2,3.5
1419,K7lWdNUhCbcnEvI0NhGewg,2013,9,29,3,3.0
1420,K7lWdNUhCbcnEvI0NhGewg,2012,11,19,3,4.333333333333333
1421,K7lWdNUhCbcnEvI0NhGewg,2016,8,18,3,4.666666666666667
1422,K7lWdNUhCbcnEvI0NhGewg,2013,1,9,3,4.0
1423,K7lWdNUhCbcnEvI0NhGewg,2014,6,22,2,4.0
1424,K7lWdNUhCbcnEvI0NhGewg,2013,11,17,4,2.75
1425,K7lWdNUhCbcnEvI0NhGewg,2015,8,18,1,5.0
1426,K7lWdNUhCbcnEvI0NhGewg,2014,11,14,3,3.6666666666666665
1427,K7lWdNUhCbcnEvI0NhGewg,2014,6,27,4,3.25
1428,K7lWdNUhCbcnEvI0NhGewg,2016,10,22,4,3.5
1429,K7lWdNUhCbcnEvI0NhGewg,2015,11,4,1,5.0
1430,K7lWdNUhCbcnEvI0NhGewg,2016,9,10,1,3.0
1431,K7lWdNUhCbcnEvI0NhGewg,2013,7,3,1,3.0
1432,K7lWdNUhCbcnEvI0NhGewg,2016,8,13,2,3.5
1433,K7lWdNUhCbcnEvI0NhGewg,2012,10,11,1,4.0
1434,K7lWdNUhCbcnEvI0NhGewg,2015,10,16,3,3.0
1435,K7lWdNUhCbcnEvI0NhGewg,2015,10,8,2,4.0
1436,K7lWdNUhCbcnEvI0NhGewg,2014,7,4,6,3.1666666666666665
1437,K7lWdNUhCbcnEvI0NhGewg,2014,6,20,6,4.0
1438,K7lWdNUhCbcnEvI0NhGewg,2015,4,4,3,5.0
1439,K7lWdNUhCbcnEvI0NhGewg,2015,7,17,6,4.5
1440,K7lWdNUhCbcnEvI0NhGewg,2013,1,3,5,3.2
1441,K7lWdNUhCbcnEvI0NhGewg,2014,10,10,3,3.6666666666666665
1442,K7lWdNUhCbcnEvI0NhGewg,2015,4,6,2,5.0
1443,K7lWdNUhCbcnEvI0NhGewg,2011,1,22,1,5.0
1444,K7lWdNUhCbcnEvI0NhGewg,2012,5,26,2,4.0
1445,K7lWdNUhCbcnEvI0NhGewg,2014,5,4,3,4.0
1446,K7lWdNUhCbcnEvI0NhGewg,2016,8,29,1,5.0
1447,K7lWdNUhCbcnEvI0NhGewg,2013,3,28,6,4.5
1448,K7lWdNUhCbcnEvI0NhGewg,2011,3,10,4,3.5
1449,K7lWdNUhCbcnEvI0NhGewg,2011,8,15,2,3.0
1450,K7lWdNUhCbcnEvI0NhGewg,2016,4,14,3,2.0
1451,K7lWdNUhCbcnEvI0NhGewg,2014,2,14,2,4.5
1452,K7lWdNUhCbcnEvI0NhGewg,2011,2,16,3,4.333333333333333
1453,K7lWdNUhCbcnEvI0NhGewg,2013,12,11,2,4.5
1454,K7lWdNUhCbcnEvI0NhGewg,2014,12,22,3,3.6666666666666665
1455,K7lWdNUhCbcnEvI0NhGewg,2012,6,28,5,3.8
1456,K7lWdNUhCbcnEvI0NhGewg,2011,1,4,2,4.5
1457,K7lWdNUhCbcnEvI0NhGewg,2011,10,11,8,3.75
1458,K7lWdNUhCbcnEvI0NhGewg,2016,7,10,1,5.0
1459,K7lWdNUhCbcnEvI0NhGewg,2014,1,7,2,3.0
1460,K7lWdNUhCbcnEvI0NhGewg,2013,9,5,5,3.8
1461,K7lWdNUhCbcnEvI0NhGewg,2015,7,31,2,4.0
1462,K7lWdNUhCbcnEvI0NhGewg,2015,8,27,3,4.333333333333333
1463,K7lWdNUhCbcnEvI0NhGewg,2015,10,3,1,1.0
1464,K7lWdNUhCbcnEvI0NhGewg,2015,12,20,2,3.5
1465,K7lWdNUhCbcnEvI0NhGewg,2013,5,5,2,5.0
1466,K7lWdNUhCbcnEvI0NhGewg,2012,7,28,4,4.0
1467,K7lWdNUhCbcnEvI0NhGewg,2014,8,9,3,3.3333333333333335
1468,K7lWdNUhCbcnEvI0NhGewg,2013,10,16,1,5.0
1469,K7lWdNUhCbcnEvI0NhGewg,2013,11,25,3,3.6666666666666665
1470,K7lWdNUhCbcnEvI0NhGewg,2014,9,5,1,3.0
1471,K7lWdNUhCbcnEvI0NhGewg,2015,3,1,2,4.0
1472,K7lWdNUhCbcnEvI0NhGewg,2014,6,10,4,4.25
1473,K7lWdNUhCbcnEvI0NhGewg,2011,7,4,4,3.75
1474,K7lWdNUhCbcnEvI0NhGewg,2014,4,28,5,4.0
1475,K7lWdNUhCbcnEvI0NhGewg,2015,12,23,8,4.0
1476,K7lWdNUhCbcnEvI0NhGewg,2015,8,20,2,3.5
1477,K7lWdNUhCbcnEvI0NhGewg,2011,6,25,1,4.0
1478,K7lWdNUhCbcnEvI0NhGewg,2012,7,26,4,3.25
1479,K7lWdNUhCbcnEvI0NhGewg,2012,5,19,3,3.6666666666666665
1480,K7lWdNUhCbcnEvI0NhGewg,2011,12,11,4,3.25
1481,K7lWdNUhCbcnEvI0NhGewg,2015,3,9,3,2.6666666666666665
1482,K7lWdNUhCbcnEvI0NhGewg,2012,3,23,2,4.0
1483,K7lWdNUhCbcnEvI0NhGewg,2014,1,20,1,3.0
1484,K7lWdNUhCbcnEvI0NhGewg,2012,3,28,5,3.6
1485,K7lWdNUhCbcnEvI0NhGewg,2016,7,25,1,3.0
1486,K7lWdNUhCbcnEvI0NhGewg,2011,4,18,3,4.666666666666667
1487,K7lWdNUhCbcnEvI0NhGewg,2011,9,18,3,2.6666666666666665
1488,K7lWdNUhCbcnEvI0NhGewg,2014,4,5,4,4.0
1489,K7lWdNUhCbcnEvI0NhGewg,2013,9,27,4,4.75
1490,K7lWdNUhCbcnEvI0NhGewg,2016,11,17,5,4.0
1491,K7lWdNUhCbcnEvI0NhGewg,2015,9,13,2,4.5
1492,K7lWdNUhCbcnEvI0NhGewg,2012,4,22,2,4.5
1493,K7lWdNUhCbcnEvI0NhGewg,2016,10,8,1,1.0
1494,K7lWdNUhCbcnEvI0NhGewg,2013,11,23,2,2.5
1495,K7lWdNUhCbcnEvI0NhGewg,2014,7,31,1,2.0
1496,K7lWdNUhCbcnEvI0NhGewg,2015,11,30,2,5.0
1497,K7lWdNUhCbcnEvI0NhGewg,2016,10,9,1,2.0
1498,K7lWdNUhCbcnEvI0NhGewg,2016,2,3,2,4.5
1499,K7lWdNUhCbcnEvI0NhGewg,2012,1,12,3,2.3333333333333335
1500,K7lWdNUhCbcnEvI0NhGewg,2012,2,3,4,3.75
1501,K7lWdNUhCbcnEvI0NhGewg,2014,12,28,5,3.0
1502,K7lWdNUhCbcnEvI0NhGewg,2012,4,6,3,4.0
1503,K7lWdNUhCbcnEvI0NhGewg,2011,6,19,1,4.0
1504,K7lWdNUhCbcnEvI0NhGewg,2014,7,11,1,5.0
1505,K7lWdNUhCbcnEvI0NhGewg,2014,10,3,1,4.0
1506,K7lWdNUhCbcnEvI0NhGewg,2015,2,2,3,4.666666666666667
1507,K7lWdNUhCbcnEvI0NhGewg,2015,5,16,2,2.5
1508,K7lWdNUhCbcnEvI0NhGewg,2012,4,13,3,4.333333333333333
1509,K7lWdNUhCbcnEvI0NhGewg,2012,6,18,7,3.4285714285714284
1510,K7lWdNUhCbcnEvI0NhGewg,2016,2,13,1,2.0
1511,K7lWdNUhCbcnEvI0NhGewg,2013,7,7,8,3.125
1512,K7lWdNUhCbcnEvI0NhGewg,2012,11,3,3,3.6666666666666665
1513,K7lWdNUhCbcnEvI0NhGewg,2012,1,21,3,3.6666666666666665
1514,K7lWdNUhCbcnEvI0NhGewg,2011,11,28,4,3.5
1515,K7lWdNUhCbcnEvI0NhGewg,2016,9,26,1,3.0
1516,K7lWdNUhCbcnEvI0NhGewg,2012,5,31,2,3.0
1517,K7lWdNUhCbcnEvI0NhGewg,2012,2,4,1,3.0
1518,K7lWdNUhCbcnEvI0NhGewg,2015,6,27,1,1.0
1519,K7lWdNUhCbcnEvI0NhGewg,2011,11,30,5,3.4
1520,K7lWdNUhCbcnEvI0NhGewg,2015,4,26,3,4.333333333333333
1521,K7lWdNUhCbcnEvI0NhGewg,2014,7,7,4,3.0
1522,K7lWdNUhCbcnEvI0NhGewg,2014,12,23,3,3.3333333333333335
1523,K7lWdNUhCbcnEvI0NhGewg,2011,3,3,2,4.5
1524,K7lWdNUhCbcnEvI0NhGewg,2015,12,26,6,2.0
1525,K7lWdNUhCbcnEvI0NhGewg,2015,1,2,6,3.5
1526,K7lWdNUhCbcnEvI0NhGewg,2016,11,16,2,3.0
1527,K7lWdNUhCbcnEvI0NhGewg,2015,4,17,2,3.0
1528,K7lWdNUhCbcnEvI0NhGewg,2013,7,16,3,2.6666666666666665
1529,K7lWdNUhCbcnEvI0NhGewg,2015,7,22,2,4.0
1530,K7lWdNUhCbcnEvI0NhGewg,2016,3,23,2,5.0
1531,K7lWdNUhCbcnEvI0NhGewg,2015,8,1,3,5.0
1532,K7lWdNUhCbcnEvI0NhGewg,2013,12,22,2,4.5
1533,K7lWdNUhCbcnEvI0NhGewg,2014,11,18,3,4.333333333333333
1534,K7lWdNUhCbcnEvI0NhGewg,2012,7,18,3,4.666666666666667
1535,K7lWdNUhCbcnEvI0NhGewg,2016,3,24,1,2.0
1536,K7lWdNUhCbcnEvI0NhGewg,2013,11,28,1,4.0
1537,K7lWdNUhCbcnEvI0NhGewg,2013,3,2,1,2.0
1538,K7lWdNUhCbcnEvI0NhGewg,2011,2,27,2,3.0
1539,K7lWdNUhCbcnEvI0NhGewg,2015,11,21,1,4.0
1540,K7lWdNUhCbcnEvI0NhGewg,2012,10,14,1,3.0
1541,K7lWdNUhCbcnEvI0NhGewg,2013,10,31,1,2.0
1542,K7lWdNUhCbcnEvI0NhGewg,2011,8,30,2,4.0
1543,K7lWdNUhCbcnEvI0NhGewg,2014,7,17,4,3.25
1544,K7lWdNUhCbcnEvI0NhGewg,2011,4,26,3,4.666666666666667
1545,K7lWdNUhCbcnEvI0NhGewg,2014,9,23,5,2.8
1546,K7lWdNUhCbcnEvI0NhGewg,2011,1,7,3,3.3333333333333335
1547,K7lWdNUhCbcnEvI0NhGewg,2011,1,5,2,4.0
1548,K7lWdNUhCbcnEvI0NhGewg,2011,7,24,2,4.5
1549,K7lWdNUhCbcnEvI0NhGewg,2015,12,5,1,4.0
1550,K7lWdNUhCbcnEvI0NhGewg,2011,6,21,6,3.1666666666666665
1551,K7lWdNUhCbcnEvI0NhGewg,2013,1,19,2,4.0
1552,K7lWdNUhCbcnEvI0NhGewg,2016,6,11,4,4.25
1553,K7lWdNUhCbcnEvI0NhGewg,2013,8,9,4,4.0
1554,K7lWdNUhCbcnEvI0NhGewg,2014,5,18,2,2.0
1555,K7lWdNUhCbcnEvI0NhGewg,2013,4,20,3,3.3333333333333335
1556,K7lWdNUhCbcnEvI0NhGewg,2011,7,14,3,4.333333333333333
1557,K7lWdNUhCbcnEvI0NhGewg,2012,10,3,4,4.5
1558,K7lWdNUhCbcnEvI0NhGewg,2014,9,26,2,3.5
1559,K7lWdNUhCbcnEvI0NhGewg,2013,5,22,1,1.0
1560,K7lWdNUhCbcnEvI0NhGewg,2014,7,9,8,2.75
1561,K7lWdNUhCbcnEvI0NhGewg,2012,8,7,3,2.6666666666666665
1562,K7lWdNUhCbcnEvI0NhGewg,2011,7,17,1,3.0
1563,K7lWdNUhCbcnEvI0NhGewg,2011,11,6,3,4.0
1564,K7lWdNUhCbcnEvI0NhGewg,2015,10,22,1,5.0
1565,K7lWdNUhCbcnEvI0NhGewg,2013,12,1,1,4.0
1566,K7lWdNUhCbcnEvI0NhGewg,2011,12,17,2,3.5
1567,K7lWdNUhCbcnEvI0NhGewg,2014,3,31,1,2.0
1568,K7lWdNUhCbcnEvI0NhGewg,2011,9,8,6,3.6666666666666665
1569,K7lWdNUhCbcnEvI0NhGewg,2013,7,2,5,3.0
1570,K7lWdNUhCbcnEvI0NhGewg,2015,11,23,4,4.25
1571,K7lWdNUhCbcnEvI0NhGewg,2016,2,17,1,5.0
1572,K7lWdNUhCbcnEvI0NhGewg,2015,12,27,4,3.0
1573,K7lWdNUhCbcnEvI0NhGewg,2014,1,5,4,3.75
1574,K7lWdNUhCbcnEvI0NhGewg,2013,12,3,3,4.0
1575,K7lWdNUhCbcnEvI0NhGewg,2014,8,23,1,4.0
1576,K7lWdNUhCbcnEvI0NhGewg,2012,12,23,2,4.0
1577,K7lWdNUhCbcnEvI0NhGewg,2013,2,18,1,2.0
1578,K7lWdNUhCbcnEvI0NhGewg,2012,5,16,2,3.5
1579,K7lWdNUhCbcnEvI0NhGewg,2015,1,27,3,3.6666666666666665
1580,K7lWdNUhCbcnEvI0NhGewg,2011,10,25,6,4.333333333333333
1581,K7lWdNUhCbcnEvI0NhGewg,2011,10,28,2,4.5
1582,K7lWdNUhCbcnEvI0NhGewg,2016,8,11,2,2.0
1583,K7lWdNUhCbcnEvI0NhGewg,2011,8,4,3,4.0
1584,K7lWdNUhCbcnEvI0NhGewg,2015,11,13,2,5.0
1585,K7lWdNUhCbcnEvI0NhGewg,2014,4,13,4,2.75
1586,K7lWdNUhCbcnEvI0NhGewg,2014,3,28,3,4.333333333333333
1587,K7lWdNUhCbcnEvI0NhGewg,2016,12,23,7,2.7142857142857144
1588,K7lWdNUhCbcnEvI0NhGewg,2015,3,14,3,4.666666666666667
1589,K7lWdNUhCbcnEvI0NhGewg,2015,4,21,3,4.0
1590,K7lWdNUhCbcnEvI0NhGewg,2013,7,28,1,5.0
1591,K7lWdNUhCbcnEvI0NhGewg,2013,8,28,4,4.25
1592,K7lWdNUhCbcnEvI0NhGewg,2012,7,2,5,4.6
1593,K7lWdNUhCbcnEvI0NhGewg,2011,8,20,6,3.6666666666666665
1594,K7lWdNUhCbcnEvI0NhGewg,2015,4,8,4,4.25
1595,K7lWdNUhCbcnEvI0NhGewg,2014,6,24,3,3.6666666666666665
1596,K7lWdNUhCbcnEvI0NhGewg,2011,8,25,2,3.0
1597,K7lWdNUhCbcnEvI0NhGewg,2015,10,24,1,2.0
1598,K7lWdNUhCbcnEvI0NhGewg,2013,12,25,4,2.75
1599,K7lWdNUhCbcnEvI0NhGewg,2012,8,21,6,3.8333333333333335
1600,K7lWdNUhCbcnEvI0NhGewg,2017,1,10,3,4.0
1601,K7lWdNUhCbcnEvI0NhGewg,2016,8,25,1,4.0
1602,K7lWdNUhCbcnEvI0NhGewg,2012,3,6,6,3.8333333333333335
1603,K7lWdNUhCbcnEvI0NhGewg,2015,1,31,1,4.0
1604,K7lWdNUhCbcnEvI0NhGewg,2015,8,25,4,3.5
1605,K7lWdNUhCbcnEvI0NhGewg,2011,9,25,2,4.5
1606,K7lWdNUhCbcnEvI0NhGewg,2014,8,28,2,3.5
1607,K7lWdNUhCbcnEvI0NhGewg,2011,6,6,4,4.5
1608,K7lWdNUhCbcnEvI0NhGewg,2011,6,13,1,5.0
1609,K7lWdNUhCbcnEvI0NhGewg,2014,7,10,2,4.5
1610,K7lWdNUhCbcnEvI0NhGewg,2015,1,30,1,2.0
1611,K7lWdNUhCbcnEvI0NhGewg,2016,6,23,4,3.0
1612,K7lWdNUhCbcnEvI0NhGewg,2012,8,18,1,4.0
1613,K7lWdNUhCbcnEvI0NhGewg,2016,3,1,2,3.5
1614,K7lWdNUhCbcnEvI0NhGewg,2012,6,12,3,4.0
1615,K7lWdNUhCbcnEvI0NhGewg,2011,8,31,1,5.0
1616,K7lWdNUhCbcnEvI0NhGewg,2013,9,13,1,5.0
1617,K7lWdNUhCbcnEvI0NhGewg,2014,9,15,2,3.0
1618,K7lWdNUhCbcnEvI0NhGewg,2012,4,10,2,5.0
1619,K7lWdNUhCbcnEvI0NhGewg,2016,12,2,1,4.0
1620,K7lWdNUhCbcnEvI0NhGewg,2013,4,8,1,2.0
1621,K7lWdNUhCbcnEvI0NhGewg,2015,1,19,5,3.8
1622,K7lWdNUhCbcnEvI0NhGewg,2011,11,14,3,3.3333333333333335
1623,K7lWdNUhCbcnEvI0NhGewg,2014,4,7,2,3.5
1624,K7lWdNUhCbcnEvI0NhGewg,2014,6,14,4,3.75
1625,K7lWdNUhCbcnEvI0NhGewg,2013,2,28,3,4.333333333333333
1626,K7lWdNUhCbcnEvI0NhGewg,2012,11,13,2,4.5
1627,K7lWdNUhCbcnEvI0NhGewg,2011,9,11,1,3.0
1628,K7lWdNUhCbcnEvI0NhGewg,2011,8,27,2,2.5
1629,K7lWdNUhCbcnEvI0NhGewg,2011,7,28,4,4.5
1630,K7lWdNUhCbcnEvI0NhGewg,2011,12,26,2,2.5
1631,K7lWdNUhCbcnEvI0NhGewg,2013,4,15,6,4.0
1632,K7lWdNUhCbcnEvI0NhGewg,2016,11,5,2,4.5
1633,K7lWdNUhCbcnEvI0NhGewg,2014,7,24,2,3.5
1634,K7lWdNUhCbcnEvI0NhGewg,2011,6,29,9,4.333333333333333
1635,K7lWdNUhCbcnEvI0NhGewg,2013,2,6,3,4.666666666666667
1636,K7lWdNUhCbcnEvI0NhGewg,2016,6,15,1,4.0
1637,K7lWdNUhCbcnEvI0NhGewg,2014,11,27,5,4.0
1638,K7lWdNUhCbcnEvI0NhGewg,2011,8,24,4,4.0
1639,K7lWdNUhCbcnEvI0NhGewg,2011,1,28,1,2.0
1640,K7lWdNUhCbcnEvI0NhGewg,2013,11,26,1,5.0
1641,K7lWdNUhCbcnEvI0NhGewg,2013,9,18,3,3.6666666666666665
1642,K7lWdNUhCbcnEvI0NhGewg,2012,11,12,2,4.0
1643,K7lWdNUhCbcnEvI0NhGewg,2013,9,7,1,2.0
1644,K7lWdNUhCbcnEvI0NhGewg,2013,10,7,3,4.0
1645,K7lWdNUhCbcnEvI0NhGewg,2013,12,27,6,2.1666666666666665
1646,K7lWdNUhCbcnEvI0NhGewg,2011,3,18,1,3.0
1647,K7lWdNUhCbcnEvI0NhGewg,2014,11,1,2,4.5
1648,K7lWdNUhCbcnEvI0NhGewg,2015,12,3,1,4.0
1649,K7lWdNUhCbcnEvI0NhGewg,2016,4,29,2,5.0
1650,K7lWdNUhCbcnEvI0NhGewg,2014,9,3,2,3.0
1651,K7lWdNUhCbcnEvI0NhGewg,2013,5,24,3,4.333333333333333
1652,K7lWdNUhCbcnEvI0NhGewg,2015,12,7,1,5.0
1653,K7lWdNUhCbcnEvI0NhGewg,2015,10,12,1,4.0
1654,K7lWdNUhCbcnEvI0NhGewg,2016,9,22,1,3.0
1655,K7lWdNUhCbcnEvI0NhGewg,2015,9,17,3,3.6666666666666665
1656,K7lWdNUhCbcnEvI0NhGewg,2012,12,13,1,4.0
1657,K7lWdNUhCbcnEvI0NhGewg,2011,12,9,2,4.0
1658,K7lWdNUhCbcnEvI0NhGewg,2013,7,15,3,4.666666666666667
1659,K7lWdNUhCbcnEvI0NhGewg,2012,8,1,2,4.0
1660,K7lWdNUhCbcnEvI0NhGewg,2015,2,12,2,4.5
1661,K7lWdNUhCbcnEvI0NhGewg,2011,9,21,3,4.0
1662,K7lWdNUhCbcnEvI0NhGewg,2012,12,28,4,2.25
1663,K7lWdNUhCbcnEvI0NhGewg,2013,10,15,1,2.0
1664,K7lWdNUhCbcnEvI0NhGewg,2013,6,21,4,4.75
1665,K7lWdNUhCbcnEvI0NhGewg,2012,8,22,4,4.0
1666,K7lWdNUhCbcnEvI0NhGewg,2015,4,2,2,4.0
1667,K7lWdNUhCbcnEvI0NhGewg,2012,10,25,1,3.0
1668,K7lWdNUhCbcnEvI0NhGewg,2014,1,26,1,4.0
1669,K7lWdNUhCbcnEvI0NhGewg,2013,1,20,3,4.0
1670,K7lWdNUhCbcnEvI0NhGewg,2013,5,28,5,3.4
1671,K7lWdNUhCbcnEvI0NhGewg,2013,11,29,2,2.0
1672,K7lWdNUhCbcnEvI0NhGewg,2012,12,25,1,1.0
1673,K7lWdNUhCbcnEvI0NhGewg,2011,11,18,6,4.166666666666667
1674,K7lWdNUhCbcnEvI0NhGewg,2011,10,23,3,2.3333333333333335
1675,K7lWdNUhCbcnEvI0NhGewg,2013,4,28,1,1.0
1676,K7lWdNUhCbcnEvI0NhGewg,2013,4,29,4,4.75
1677,K7lWdNUhCbcnEvI0NhGewg,2011,12,8,3,4.333333333333333
1678,K7lWdNUhCbcnEvI0NhGewg,2016,11,8,6,3.8333333333333335
1679,K7lWdNUhCbcnEvI0NhGewg,2014,8,29,3,3.3333333333333335
1680,K7lWdNUhCbcnEvI0NhGewg,2014,10,31,2,3.0
1681,K7lWdNUhCbcnEvI0NhGewg,2014,3,3,4,2.75
1682,K7lWdNUhCbcnEvI0NhGewg,2014,1,1,5,2.6
1683,K7lWdNUhCbcnEvI0NhGewg,2016,3,20,3,2.3333333333333335
1684,K7lWdNUhCbcnEvI0NhGewg,2015,6,23,5,4.0
1685,K7lWdNUhCbcnEvI0NhGewg,2017,1,11,1,4.0
1686,K7lWdNUhCbcnEvI0NhGewg,2014,12,1,1,5.0
1687,K7lWdNUhCbcnEvI0NhGewg,2012,5,7,1,4.0
1688,K7lWdNUhCbcnEvI0NhGewg,2013,2,17,2,5.0
1689,K7lWdNUhCbcnEvI0NhGewg,2013,4,25,1,5.0
1690,K7lWdNUhCbcnEvI0NhGewg,2011,2,19,2,3.0
1691,K7lWdNUhCbcnEvI0NhGewg,2015,1,8,4,3.0
1692,K7lWdNUhCbcnEvI0NhGewg,2015,7,23,1,3.0
1693,K7lWdNUhCbcnEvI0NhGewg,2016,6,5,4,3.75
1694,K7lWdNUhCbcnEvI0NhGewg,2012,9,22,1,4.0
1695,K7lWdNUhCbcnEvI0NhGewg,2011,12,10,2,4.0
1696,K7lWdNUhCbcnEvI0NhGewg,2013,1,5,1,3.0
1697,K7lWdNUhCbcnEvI0NhGewg,2014,10,17,3,4.666666666666667
1698,K7lWdNUhCbcnEvI0NhGewg,2012,2,29,3,2.3333333333333335
1699,K7lWdNUhCbcnEvI0NhGewg,2016,3,2,6,2.8333333333333335
1700,K7lWdNUhCbcnEvI0NhGewg,2014,3,20,2,3.5
1701,K7lWdNUhCbcnEvI0NhGewg,2014,3,18,2,3.5
1702,K7lWdNUhCbcnEvI0NhGewg,2015,12,17,2,3.0
1703,K7lWdNUhCbcnEvI0NhGewg,2015,11,8,2,5.0
1704,K7lWdNUhCbcnEvI0NhGewg,2011,3,6,1,4.0
1705,K7lWdNUhCbcnEvI0NhGewg,2012,11,18,1,2.0
1706,K7lWdNUhCbcnEvI0NhGewg,2016,6,22,6,4.666666666666667
1707,K7lWdNUhCbcnEvI0NhGewg,2014,5,27,8,3.375
1708,K7lWdNUhCbcnEvI0NhGewg,2012,3,20,5,3.4
1709,K7lWdNUhCbcnEvI0NhGewg,2013,1,18,5,3.8
1710,K7lWdNUhCbcnEvI0NhGewg,2015,2,24,3,4.333333333333333
1711,K7lWdNUhCbcnEvI0NhGewg,2015,8,7,2,5.0
1712,K7lWdNUhCbcnEvI0NhGewg,2015,1,25,2,3.5
1713,K7lWdNUhCbcnEvI0NhGewg,2011,12,15,2,3.5
1714,K7lWdNUhCbcnEvI0NhGewg,2016,1,26,4,3.25
1715,K7lWdNUhCbcnEvI0NhGewg,2014,1,12,1,5.0
1716,K7lWdNUhCbcnEvI0NhGewg,2013,8,19,1,3.0
1717,K7lWdNUhCbcnEvI0NhGewg,2015,2,20,2,3.0
1718,K7lWdNUhCbcnEvI0NhGewg,2012,9,18,6,3.8333333333333335
1719,K7lWdNUhCbcnEvI0NhGewg,2016,8,10,3,3.6666666666666665
1720,K7lWdNUhCbcnEvI0NhGewg,2014,12,27,4,3.5
1721,K7lWdNUhCbcnEvI0NhGewg,2013,8,3,4,4.75
1722,K7lWdNUhCbcnEvI0NhGewg,2015,5,7,3,2.6666666666666665
1723,K7lWdNUhCbcnEvI0NhGewg,2014,3,29,3,4.333333333333333
1724,K7lWdNUhCbcnEvI0NhGewg,2013,7,29,3,3.6666666666666665
1725,K7lWdNUhCbcnEvI0NhGewg,2011,9,13,2,5.0
1726,K7lWdNUhCbcnEvI0NhGewg,2013,12,26,3,3.6666666666666665
1727,K7lWdNUhCbcnEvI0NhGewg,2011,3,8,1,4.0
1728,K7lWdNUhCbcnEvI0NhGewg,2014,8,8,2,3.0
1729,K7lWdNUhCbcnEvI0NhGewg,2011,2,1,1,3.0
1730,K7lWdNUhCbcnEvI0NhGewg,2013,3,13,2,5.0
1731,K7lWdNUhCbcnEvI0NhGewg,2014,1,14,4,3.25
1732,K7lWdNUhCbcnEvI0NhGewg,2012,1,26,4,3.75
1733,K7lWdNUhCbcnEvI0NhGewg,2016,10,15,1,4.0
1734,K7lWdNUhCbcnEvI0NhGewg,2012,8,26,1,5.0
1735,K7lWdNUhCbcnEvI0NhGewg,2013,7,30,3,4.333333333333333
1736,K7lWdNUhCbcnEvI0NhGewg,2013,7,11,3,4.333333333333333
1737,K7lWdNUhCbcnEvI0NhGewg,2012,1,29,2,4.0
1738,K7lWdNUhCbcnEvI0NhGewg,2015,12,8,2,4.5
1739,K7lWdNUhCbcnEvI0NhGewg,2013,1,16,3,4.0
1740,K7lWdNUhCbcnEvI0NhGewg,2016,11,6,3,3.0
1741,K7lWdNUhCbcnEvI0NhGewg,2016,7,14,3,4.666666666666667
1742,K7lWdNUhCbcnEvI0NhGewg,2015,1,20,3,3.3333333333333335
1743,K7lWdNUhCbcnEvI0NhGewg,2013,5,19,1,5.0
1744,K7lWdNUhCbcnEvI0NhGewg,2013,4,18,2,4.5
1745,K7lWdNUhCbcnEvI0NhGewg,2012,10,18,1,4.0
1746,K7lWdNUhCbcnEvI0NhGewg,2012,8,31,4,4.5
1747,K7lWdNUhCbcnEvI0NhGewg,2011,7,10,2,4.0
1748,K7lWdNUhCbcnEvI0NhGewg,2014,6,3,5,3.6
1749,K7lWdNUhCbcnEvI0NhGewg,2016,1,20,3,3.6666666666666665
1750,K7lWdNUhCbcnEvI0NhGewg,2013,4,3,2,3.5
1751,K7lWdNUhCbcnEvI0NhGewg,2016,2,4,2,4.5
1752,K7lWdNUhCbcnEvI0NhGewg,2011,6,2,4,4.25
1753,K7lWdNUhCbcnEvI0NhGewg,2015,9,12,4,3.75
1754,K7lWdNUhCbcnEvI0NhGewg,2012,3,26,5,4.0
1755,K7lWdNUhCbcnEvI0NhGewg,2011,9,1,5,4.2
1756,K7lWdNUhCbcnEvI0NhGewg,2012,6,19,3,4.333333333333333
1757,K7lWdNUhCbcnEvI0NhGewg,2016,9,17,1,5.0
1758,K7lWdNUhCbcnEvI0NhGewg,2013,11,22,2,4.0
1759,K7lWdNUhCbcnEvI0NhGewg,2011,8,5,3,4.0
1760,K7lWdNUhCbcnEvI0NhGewg,2016,3,28,4,2.75
1761,K7lWdNUhCbcnEvI0NhGewg,2014,9,24,6,4.166666666666667
1762,K7lWdNUhCbcnEvI0NhGewg,2012,1,16,7,4.428571428571429
1763,K7lWdNUhCbcnEvI0NhGewg,2016,1,13,3,2.6666666666666665
1764,K7lWdNUhCbcnEvI0NhGewg,2015,10,14,2,2.5
1765,K7lWdNUhCbcnEvI0NhGewg,2014,11,16,3,3.6666666666666665
1766,K7lWdNUhCbcnEvI0NhGewg,2011,2,20,1,4.0
1767,K7lWdNUhCbcnEvI0NhGewg,2013,1,7,4,4.5
1768,K7lWdNUhCbcnEvI0NhGewg,2014,2,16,5,3.0
1769,K7lWdNUhCbcnEvI0NhGewg,2013,2,13,2,4.0
1770,K7lWdNUhCbcnEvI0NhGewg,2012,9,20,4,4.25
1771,K7lWdNUhCbcnEvI0NhGewg,2012,7,11,4,4.0
1772,K7lWdNUhCbcnEvI0NhGewg,2013,5,12,2,3.5
1773,K7lWdNUhCbcnEvI0NhGewg,2016,6,24,4,3.0
1774,K7lWdNUhCbcnEvI0NhGewg,2012,6,2,1,4.0
1775,K7lWdNUhCbcnEvI0NhGewg,2013,3,26,4,4.0
1776,K7lWdNUhCbcnEvI0NhGewg,2016,6,9,1,5.0
1777,K7lWdNUhCbcnEvI0NhGewg,2012,12,16,1,3.0
1778,K7lWdNUhCbcnEvI0NhGewg,2016,2,18,2,4.0
1779,K7lWdNUhCbcnEvI0NhGewg,2013,8,5,1,4.0
1780,K7lWdNUhCbcnEvI0NhGewg,2013,2,8,1,3.0
1781,K7lWdNUhCbcnEvI0NhGewg,2013,1,21,5,3.6
1782,K7lWdNUhCbcnEvI0NhGewg,2013,11,10,2,3.0
1783,K7lWdNUhCbcnEvI0NhGewg,2012,12,1,2,4.0
1784,K7lWdNUhCbcnEvI0NhGewg,2015,7,18,3,3.6666666666666665
1785,K7lWdNUhCbcnEvI0NhGewg,2013,4,27,1,5.0
1786,K7lWdNUhCbcnEvI0NhGewg,2015,9,10,1,5.0
1787,K7lWdNUhCbcnEvI0NhGewg,2016,4,5,2,4.0
1788,K7lWdNUhCbcnEvI0NhGewg,2013,7,13,2,4.0
1789,K7lWdNUhCbcnEvI0NhGewg,2016,1,18,6,3.5
1790,K7lWdNUhCbcnEvI0NhGewg,2015,3,22,2,3.5
1791,K7lWdNUhCbcnEvI0NhGewg,2013,10,8,1,4.0
1792,K7lWdNUhCbcnEvI0NhGewg,2012,5,22,5,4.6
1793,K7lWdNUhCbcnEvI0NhGewg,2012,6,5,6,4.5
1794,K7lWdNUhCbcnEvI0NhGewg,2016,2,22,2,5.0
1795,K7lWdNUhCbcnEvI0NhGewg,2012,4,14,1,3.0
1796,K7lWdNUhCbcnEvI0NhGewg,2016,9,1,2,4.0
1797,K7lWdNUhCbcnEvI0NhGewg,2014,1,18,7,3.5714285714285716
1798,K7lWdNUhCbcnEvI0NhGewg,2014,6,19,3,3.0
1799,K7lWdNUhCbcnEvI0NhGewg,2014,2,2,2,4.0
1800,K7lWdNUhCbcnEvI0NhGewg,2015,5,17,1,4.0
1801,K7lWdNUhCbcnEvI0NhGewg,2015,1,6,3,4.666666666666667
1802,K7lWdNUhCbcnEvI0NhGewg,2011,3,11,2,5.0
1803,K7lWdNUhCbcnEvI0NhGewg,2016,1,9,4,3.25
1804,K7lWdNUhCbcnEvI0NhGewg,2012,4,24,3,3.3333333333333335
1805,K7lWdNUhCbcnEvI0NhGewg,2013,9,22,4,2.5
1806,K7lWdNUhCbcnEvI0NhGewg,2016,4,8,3,3.0
1807,K7lWdNUhCbcnEvI0NhGewg,2012,9,7,2,4.5
1808,K7lWdNUhCbcnEvI0NhGewg,2016,12,9,1,3.0
1809,K7lWdNUhCbcnEvI0NhGewg,2014,10,30,1,2.0
1810,K7lWdNUhCbcnEvI0NhGewg,2016,10,2,1,2.0
1811,K7lWdNUhCbcnEvI0NhGewg,2014,2,25,6,3.3333333333333335
1812,K7lWdNUhCbcnEvI0NhGewg,2013,3,7,1,5.0
1813,K7lWdNUhCbcnEvI0NhGewg,2011,2,26,4,3.75
1814,K7lWdNUhCbcnEvI0NhGewg,2011,4,19,6,3.5
1815,K7lWdNUhCbcnEvI0NhGewg,2012,8,6,5,4.0
1816,K7lWdNUhCbcnEvI0NhGewg,2012,12,15,2,5.0
1817,K7lWdNUhCbcnEvI0NhGewg,2016,10,3,2,3.0
1818,K7lWdNUhCbcnEvI0NhGewg,2015,11,3,3,3.6666666666666665
1819,K7lWdNUhCbcnEvI0NhGewg,2014,12,10,1,4.0
1820,K7lWdNUhCbcnEvI0NhGewg,2016,9,16,3,3.0
1821,K7lWdNUhCbcnEvI0NhGewg,2014,10,15,2,3.0
1822,K7lWdNUhCbcnEvI0NhGewg,2014,5,13,5,3.6
1823,K7lWdNUhCbcnEvI0NhGewg,2013,6,28,2,5.0
1824,K7lWdNUhCbcnEvI0NhGewg,2014,3,16,2,2.5
1825,K7lWdNUhCbcnEvI0NhGewg,2011,10,26,2,3.0
1826,K7lWdNUhCbcnEvI0NhGewg,2011,3,13,1,4.0
1827,K7lWdNUhCbcnEvI0NhGewg,2013,11,21,1,5.0
1828,K7lWdNUhCbcnEvI0NhGewg,2016,10,16,3,3.3333333333333335
1829,K7lWdNUhCbcnEvI0NhGewg,2012,10,16,1,5.0
1830,K7lWdNUhCbcnEvI0NhGewg,2010,12,19,1,4.0
1831,K7lWdNUhCbcnEvI0NhGewg,2013,3,24,2,3.5
1832,K7lWdNUhCbcnEvI0NhGewg,2014,11,11,6,3.1666666666666665
1833,K7lWdNUhCbcnEvI0NhGewg,2012,10,20,2,5.0
1834,K7lWdNUhCbcnEvI0NhGewg,2014,9,4,6,3.3333333333333335
1835,K7lWdNUhCbcnEvI0NhGewg,2016,6,3,2,2.0
1836,K7lWdNUhCbcnEvI0NhGewg,2012,4,25,1,4.0
1837,K7lWdNUhCbcnEvI0NhGewg,2015,4,10,1,4.0
1838,K7lWdNUhCbcnEvI0NhGewg,2014,12,24,1,5.0
1839,K7lWdNUhCbcnEvI0NhGewg,2011,2,2,1,4.0
1840,K7lWdNUhCbcnEvI0NhGewg,2012,5,17,4,3.75
1841,K7lWdNUhCbcnEvI0NhGewg,2014,6,23,5,2.6
1842,K7lWdNUhCbcnEvI0NhGewg,2015,3,18,6,3.6666666666666665
1843,K7lWdNUhCbcnEvI0NhGewg,2013,11,7,4,4.25
1844,K7lWdNUhCbcnEvI0NhGewg,2016,8,30,6,3.6666666666666665
1845,K7lWdNUhCbcnEvI0NhGewg,2015,3,6,2,3.5
1846,K7lWdNUhCbcnEvI0NhGewg,2015,8,2,1,3.0
1847,K7lWdNUhCbcnEvI0NhGewg,2016,10,24,1,2.0
1848,K7lWdNUhCbcnEvI0NhGewg,2016,10,12,2,3.5
1849,K7lWdNUhCbcnEvI0NhGewg,2015,6,3,3,3.3333333333333335
1850,K7lWdNUhCbcnEvI0NhGewg,2011,5,26,5,4.8
1851,K7lWdNUhCbcnEvI0NhGewg,2014,9,1,4,2.75
1852,K7lWdNUhCbcnEvI0NhGewg,2012,1,1,3,4.0
1853,K7lWdNUhCbcnEvI0NhGewg,2012,7,15,2,4.5
1854,K7lWdNUhCbcnEvI0NhGewg,2015,2,8,1,5.0
1855,K7lWdNUhCbcnEvI0NhGewg,2016,9,3,2,4.5
1856,K7lWdNUhCbcnEvI0NhGewg,2013,6,11,3,4.666666666666667
1857,K7lWdNUhCbcnEvI0NhGewg,2013,5,27,2,2.0
1858,K7lWdNUhCbcnEvI0NhGewg,2014,6,4,2,4.0
1859,K7lWdNUhCbcnEvI0NhGewg,2013,2,24,1,4.0
1860,K7lWdNUhCbcnEvI0NhGewg,2011,10,5,6,3.8333333333333335
1861,K7lWdNUhCbcnEvI0NhGewg,2011,12,14,6,3.5
1862,K7lWdNUhCbcnEvI0NhGewg,2016,7,11,3,4.333333333333333
1863,K7lWdNUhCbcnEvI0NhGewg,2014,8,25,3,4.0
1864,K7lWdNUhCbcnEvI0NhGewg,2011,1,25,4,4.75
1865,K7lWdNUhCbcnEvI0NhGewg,2016,5,23,1,3.0
1866,K7lWdNUhCbcnEvI0NhGewg,2016,2,1,3,4.333333333333333
1867,K7lWdNUhCbcnEvI0NhGewg,2016,5,25,1,2.0
1868,K7lWdNUhCbcnEvI0NhGewg,2013,10,9,2,4.0
1869,K7lWdNUhCbcnEvI0NhGewg,2012,3,11,1,5.0
1870,K7lWdNUhCbcnEvI0NhGewg,2011,8,21,3,4.333333333333333
1871,K7lWdNUhCbcnEvI0NhGewg,2013,4,13,3,4.666666666666667
1872,K7lWdNUhCbcnEvI0NhGewg,2014,12,17,2,3.0
1873,K7lWdNUhCbcnEvI0NhGewg,2013,7,27,3,4.333333333333333
1874,K7lWdNUhCbcnEvI0NhGewg,2011,8,11,4,3.0
1875,K7lWdNUhCbcnEvI0NhGewg,2014,2,26,3,4.666666666666667
1876,K7lWdNUhCbcnEvI0NhGewg,2015,5,10,2,3.0
1877,K7lWdNUhCbcnEvI0NhGewg,2015,4,18,2,3.5
1878,K7lWdNUhCbcnEvI0NhGewg,2012,4,2,2,3.5
1879,K7lWdNUhCbcnEvI0NhGewg,2011,6,1,2,3.5
1880,K7lWdNUhCbcnEvI0NhGewg,2011,4,28,1,4.0
1881,K7lWdNUhCbcnEvI0NhGewg,2013,7,10,1,4.0
1882,K7lWdNUhCbcnEvI0NhGewg,2015,9,16,2,4.5
1883,K7lWdNUhCbcnEvI0NhGewg,2013,1,23,3,4.0
1884,K7lWdNUhCbcnEvI0NhGewg,2016,10,28,4,4.5
1885,K7lWdNUhCbcnEvI0NhGewg,2016,8,5,2,4.0
1886,K7lWdNUhCbcnEvI0NhGewg,2011,7,23,2,4.0
1887,K7lWdNUhCbcnEvI0NhGewg,2016,12,19,2,4.5
1888,K7lWdNUhCbcnEvI0NhGewg,2012,1,10,3,3.0
1889,K7lWdNUhCbcnEvI0NhGewg,2012,3,14,1,4.0
1890,K7lWdNUhCbcnEvI0NhGewg,2016,4,7,1,5.0
1891,K7lWdNUhCbcnEvI0NhGewg,2014,3,10,2,3.0
1892,K7lWdNUhCbcnEvI0NhGewg,2011,1,15,3,3.3333333333333335
1893,K7lWdNUhCbcnEvI0NhGewg,2012,2,8,2,3.5
1894,K7lWdNUhCbcnEvI0NhGewg,2014,12,15,2,4.0
1895,K7lWdNUhCbcnEvI0NhGewg,2016,11,26,3,2.3333333333333335
1896,K7lWdNUhCbcnEvI0NhGewg,2016,1,30,1,4.0
1897,K7lWdNUhCbcnEvI0NhGewg,2015,7,8,3,4.666666666666667
1898,K7lWdNUhCbcnEvI0NhGewg,2014,2,1,1,5.0
1899,K7lWdNUhCbcnEvI0NhGewg,2012,4,4,1,3.0
1900,K7lWdNUhCbcnEvI0NhGewg,2016,12,13,4,3.75
1901,K7lWdNUhCbcnEvI0NhGewg,2014,10,16,4,3.25
1902,K7lWdNUhCbcnEvI0NhGewg,2015,5,28,2,4.5
1903,K7lWdNUhCbcnEvI0NhGewg,2013,12,24,7,3.5714285714285716
1904,K7lWdNUhCbcnEvI0NhGewg,2014,4,9,3,5.0
1905,K7lWdNUhCbcnEvI0NhGewg,2015,3,8,5,3.8
1906,K7lWdNUhCbcnEvI0NhGewg,2014,7,29,3,4.0
1907,K7lWdNUhCbcnEvI0NhGewg,2016,1,15,1,5.0
1908,K7lWdNUhCbcnEvI0NhGewg,2015,5,8,2,5.0
1909,K7lWdNUhCbcnEvI0NhGewg,2013,11,8,1,2.0
1910,K7lWdNUhCbcnEvI0NhGewg,2013,6,12,5,3.4
1911,K7lWdNUhCbcnEvI0NhGewg,2014,6,2,2,4.0
1912,K7lWdNUhCbcnEvI0NhGewg,2015,7,10,4,4.25
1913,K7lWdNUhCbcnEvI0NhGewg,2013,5,10,2,4.5
1914,K7lWdNUhCbcnEvI0NhGewg,2011,11,4,4,3.75
1915,K7lWdNUhCbcnEvI0NhGewg,2013,9,24,4,3.0
1916,K7lWdNUhCbcnEvI0NhGewg,2016,5,12,2,4.0
1917,K7lWdNUhCbcnEvI0NhGewg,2014,9,11,4,2.0
1918,K7lWdNUhCbcnEvI0NhGewg,2011,11,9,2,3.5
1919,K7lWdNUhCbcnEvI0NhGewg,2013,1,1,1,4.0
1920,K7lWdNUhCbcnEvI0NhGewg,2013,3,15,1,5.0
1921,K7lWdNUhCbcnEvI0NhGewg,2013,9,28,2,5.0
1922,K7lWdNUhCbcnEvI0NhGewg,2013,5,21,3,4.0
1923,K7lWdNUhCbcnEvI0NhGewg,2016,1,27,2,3.0
1924,K7lWdNUhCbcnEvI0NhGewg,2012,1,19,2,4.0
1925,K7lWdNUhCbcnEvI0NhGewg,2016,7,15,3,3.6666666666666665
1926,K7lWdNUhCbcnEvI0NhGewg,2012,10,24,3,4.0
1927,K7lWdNUhCbcnEvI0NhGewg,2011,1,10,3,4.666666666666667
1928,K7lWdNUhCbcnEvI0NhGewg,2015,9,23,2,5.0
1929,K7lWdNUhCbcnEvI0NhGewg,2013,10,14,2,4.5
1930,K7lWdNUhCbcnEvI0NhGewg,2011,4,2,1,4.0
1931,K7lWdNUhCbcnEvI0NhGewg,2012,1,11,5,3.8
1932,K7lWdNUhCbcnEvI0NhGewg,2014,10,19,5,3.8
1933,K7lWdNUhCbcnEvI0NhGewg,2015,3,13,3,3.6666666666666665
1934,K7lWdNUhCbcnEvI0NhGewg,2013,10,11,3,4.333333333333333
1935,K7lWdNUhCbcnEvI0NhGewg,2013,4,16,1,5.0
1936,K7lWdNUhCbcnEvI0NhGewg,2014,9,6,2,4.5
1937,K7lWdNUhCbcnEvI0NhGewg,2015,11,26,2,2.5
1938,K7lWdNUhCbcnEvI0NhGewg,2013,3,1,2,4.0
1939,K7lWdNUhCbcnEvI0NhGewg,2016,7,8,4,4.75
1940,K7lWdNUhCbcnEvI0NhGewg,2013,3,9,1,5.0
1941,K7lWdNUhCbcnEvI0NhGewg,2016,7,30,4,4.0
1942,K7lWdNUhCbcnEvI0NhGewg,2014,11,17,1,5.0
1943,K7lWdNUhCbcnEvI0NhGewg,2016,2,5,2,5.0
1944,K7lWdNUhCbcnEvI0NhGewg,2013,8,10,4,3.75
1945,K7lWdNUhCbcnEvI0NhGewg,2014,4,3,1,2.0
1946,K7lWdNUhCbcnEvI0NhGewg,2016,7,31,1,5.0
1947,K7lWdNUhCbcnEvI0NhGewg,2011,6,10,1,5.0
1948,K7lWdNUhCbcnEvI0NhGewg,2014,12,16,1,2.0
1949,K7lWdNUhCbcnEvI0NhGewg,2011,3,21,2,5.0
1950,K7lWdNUhCbcnEvI0NhGewg,2011,11,1,4,3.5
1951,K7lWdNUhCbcnEvI0NhGewg,2012,9,29,1,5.0
1952,K7lWdNUhCbcnEvI0NhGewg,2015,3,11,3,3.3333333333333335
1953,K7lWdNUhCbcnEvI0NhGewg,2014,1,23,2,3.0
1954,K7lWdNUhCbcnEvI0NhGewg,2011,2,13,1,4.0
1955,K7lWdNUhCbcnEvI0NhGewg,2016,8,22,1,5.0
